year,age,share
2015,0,0.014876701619389964
2015,1,0.014368350774884122
2015,2,0.014319840157515772
2015,3,0.014480306991356913
2015,4,0.01460079748310747
2015,5,0.014721961733432586
2015,6,0.015016618816707012
2015,7,0.015290501677265825
2015,8,0.015494762818453394
2015,9,0.01582423076141344
2015,10,0.015792676401504863
2015,11,0.015704414028237447
2015,12,0.01621400009679665
2015,13,0.01679972088428118
2015,14,0.017379602430786185
2015,15,0.01824100276836169
2015,16,0.018947550926884056
2015,17,0.019407728033308827
2015,18,0.01947409325290303
2015,19,0.019276906576748343
2015,20,0.01908140429703006
2015,21,0.01882627438346318
2015,22,0.01860326029528368
2015,23,0.01847996247613912
2015,24,0.018401469602202833
2015,25,0.018324324245415663
2015,26,0.018284235610229318
2015,27,0.018156109187967076
2015,28,0.017901653032974755
2015,29,0.017561966418300542
2015,30,0.017206334184028397
2015,31,0.01681925988294343
2015,32,0.01644262883976415
2015,33,0.016100359483887456
2015,34,0.015778976643822135
2015,35,0.015433675374359915
2015,36,0.015080962760577533
2015,37,0.01471185535481418
2015,38,0.01431568531297265
2015,39,0.013911991633715193
2015,40,0.013505153747776456
2015,41,0.013074958897919625
2015,42,0.012741560696607973
2015,43,0.012553582054305614
2015,44,0.012455550181707072
2015,45,0.01234011287926572
2015,46,0.012224338697537087
2015,47,0.012067802122047548
2015,48,0.011838275034313962
2015,49,0.01155147846774274
2015,50,0.011275349745268727
2015,51,0.011013931418339281
2015,52,0.01066425071814242
2015,53,0.010186331302587559
2015,54,0.009632726340490408
2015,55,0.009086981895096463
2015,56,0.008525965588679149
2015,57,0.00805141496599709
2015,58,0.007717230713015118
2015,59,0.007477821832854646
2015,60,0.007216291212829441
2015,61,0.006947573834675591
2015,62,0.006702325713535596
2015,63,0.0064765042979620935
2015,64,0.006263596588400999
2015,65,0.0060640517572353525
2015,66,0.005887414717604762
2015,67,0.0056633899915634195
2015,68,0.005360760098490029
2015,69,0.00501444819116597
2015,70,0.004670719025044392
2015,71,0.004307900032643603
2015,72,0.004016724035337739
2015,73,0.003832226479003942
2015,74,0.003711848280349146
2015,75,0.00357541216900066
2015,76,0.0034469488674511387
2015,77,0.003262339018021582
2015,78,0.0029858734162602875
2015,79,0.002660784904034882
2015,80,0.002349620735683725
2015,81,0.0020340771365979257
2015,82,0.0017826528951911268
2015,83,0.0016228598199245457
2015,84,0.0015184272408676797
2015,85,0.001396926111255283
2015,86,0.0012670029994608807
2015,87,0.0011447158181781636
2015,88,0.0010255728435767282
2015,89,9.064298689752929e-4
2015,90,2.9505521334121195e-4
2015,91,2.9505521334121195e-4
2015,92,2.9505521334121195e-4
2015,93,2.9505521334121195e-4
2015,94,2.9505521334121195e-4
2015,95,2.9505521334121195e-4
2015,96,2.9505521334121195e-4
2015,97,2.9505521334121195e-4
2015,98,2.9505521334121195e-4
2015,99,2.9505521334121195e-4
2015,100,2.9505521334121195e-4
2016,0,0.014743662551376048
2016,1,0.014739757536511331
2016,2,0.014249845528769137
2016,3,0.014206555649697406
2016,4,0.014367553833977066
2016,5,0.014492179594088208
2016,6,0.014617251641612464
2016,7,0.014910016184613037
2016,8,0.015182028362903966
2016,9,0.015384865992162747
2016,10,0.015712775668945782
2016,11,0.01568231655300098
2016,12,0.015594509504471466
2016,13,0.016100822574645474
2016,14,0.016682446645781904
2016,15,0.01722803300830965
2016,16,0.01805187957291187
2016,17,0.01875299709890867
2016,18,0.019209549122520847
2016,19,0.01927559965966122
2016,20,0.01903873261515275
2016,21,0.018803427576590172
2016,22,0.018550494185209723
2016,23,0.018329470343866682
2016,24,0.018207410736380925
2016,25,0.01815352153124782
2016,26,0.01810152904762043
2016,27,0.018062032611560138
2016,28,0.017934840698823607
2016,29,0.01768279988226938
2016,30,0.017363815953748557
2016,31,0.017029546681328694
2016,32,0.01664585107790683
2016,33,0.01627253165683979
2016,34,0.015933130079169154
2016,35,0.015621175177404825
2016,36,0.015285232327185799
2016,37,0.014935789282720175
2016,38,0.014570279891382569
2016,39,0.01417777011155177
2016,40,0.013771090706354709
2016,41,0.013361845148532262
2016,42,0.012935752240864887
2016,43,0.01260605741442941
2016,44,0.012419843991308998
2016,45,0.01231452016181489
2016,46,0.012192237410622577
2016,47,0.012077987832866257
2016,48,0.01192301452866359
2016,49,0.01169630052280339
2016,50,0.011404763270188871
2016,51,0.01112427163104884
2016,52,0.010866429078124174
2016,53,0.01052133733593638
2016,54,0.010049946255838276
2016,55,0.009493872139102431
2016,56,0.008947058486188632
2016,57,0.008395000956170783
2016,58,0.00792784960649723
2016,59,0.007599158926741251
2016,60,0.007345779247947691
2016,61,0.007071312488884654
2016,62,0.006808226058855938
2016,63,0.0065676771431893086
2016,64,0.006346764873699546
2016,65,0.006120943442665568
2016,66,0.005908956921438019
2016,67,0.00573691312368387
2016,68,0.005518678578672773
2016,69,0.005223682598606646
2016,70,0.004859512069508372
2016,71,0.004500808561220703
2016,72,0.004151142373048524
2016,73,0.0038703160183486606
2016,74,0.0036929167716371852
2016,75,0.0035468692156967315
2016,76,0.003386540462536738
2016,77,0.0032650387143173688
2016,78,0.003090317192084557
2016,79,0.0028286811961484503
2016,80,0.002485709319172931
2016,81,0.0021621509446677245
2016,82,0.0018718409824392598
2016,83,0.001640775674301231
2016,84,0.0014936123998280009
2016,85,0.0013696560708365234
2016,86,0.001232311119451727
2016,87,0.001117615254282295
2016,88,0.0010099484158693555
2016,89,9.048477300818023e-4
2016,90,3.052808763591759e-4
2016,91,3.052808763591759e-4
2016,92,3.052808763591759e-4
2016,93,3.052808763591759e-4
2016,94,3.052808763591759e-4
2016,95,3.052808763591759e-4
2016,96,3.052808763591759e-4
2016,97,3.052808763591759e-4
2016,98,3.052808763591759e-4
2016,99,3.052808763591759e-4
2016,100,3.052808763591759e-4
2017,0,0.014510414065608103
2017,1,0.014612867129021228
2017,2,0.014622181043876966
2017,3,0.014140407709970014
2017,4,0.014099271252690502
2017,5,0.014264149721624826
2017,6,0.014392548690707507
2017,7,0.014516734222117354
2017,8,0.014807683181420426
2017,9,0.015077786712236843
2017,10,0.01528003172053288
2017,11,0.015606573140177523
2017,12,0.015576192036957615
2017,13,0.015489262164970721
2017,14,0.015991991807303086
2017,15,0.01654051486434283
2017,16,0.01705200402183714
2017,17,0.01786974357018323
2017,18,0.01856551518589465
2017,19,0.019018792375540595
2017,20,0.019043962121638842
2017,21,0.01876864723370076
2017,22,0.018535023202735985
2017,23,0.01828454542107987
2017,24,0.01806533578215374
2017,25,0.017967872315984762
2017,26,0.017938489132213683
2017,27,0.017887040840629604
2017,28,0.01784778934230899
2017,29,0.017721829731879003
2017,30,0.017489203620363058
2017,31,0.017190714825224388
2017,32,0.016859294688274358
2017,33,0.01647908737827046
2017,34,0.016108748382816094
2017,35,0.015778326165314892
2017,36,0.015475402172625873
2017,37,0.015142429716533219
2017,38,0.01479626254772827
2017,39,0.014433906907864537
2017,40,0.014038287286373166
2017,41,0.013629029432414464
2017,42,0.013223763256251079
2017,43,0.012801865089273874
2017,44,0.012475545429506749
2017,45,0.012282946975882727
2017,46,0.012170736477858829
2017,47,0.012049877344611744
2017,48,0.011936668927139018
2017,49,0.011783765491590643
2017,50,0.011551472019890974
2017,51,0.011255866103160034
2017,52,0.010978777136201812
2017,53,0.010724418556689142
2017,54,0.010383795384822134
2017,55,0.009908120447546914
2017,56,0.009350616115467707
2017,57,0.008812183132855013
2017,58,0.00826887143293693
2017,59,0.0078090523269042185
2017,60,0.007467763875404656
2017,61,0.0072009867427510026
2017,62,0.006931992011322172
2017,63,0.006674307033646739
2017,64,0.006438465403906788
2017,65,0.006204952252880772
2017,66,0.0059671147842431625
2017,67,0.0057605454583355324
2017,68,0.00559278411099348
2017,69,0.005380005508515358
2017,70,0.00506488472256287
2017,71,0.004685231812252766
2017,72,0.004339508163202851
2017,73,0.004002322269437364
2017,74,0.0037316643389271524
2017,75,0.0035307498898962206
2017,76,0.003361990623105339
2017,77,0.003209974227067035
2017,78,0.003095102610512926
2017,79,0.002929780621823567
2017,80,0.0026449300591522298
2017,81,0.002290003375185336
2017,82,0.0019919580998017023
2017,83,0.0017245156875154955
2017,84,0.0015117370850373732
2017,85,0.001349076214878225
2017,86,0.0012100327716746996
2017,87,0.0010888409986113397
2017,88,9.878293744020798e-4
2017,89,8.924726270695187e-4
2017,90,3.1402206655933217e-4
2017,91,3.1402206655933217e-4
2017,92,3.1402206655933217e-4
2017,93,3.1402206655933217e-4
2017,94,3.1402206655933217e-4
2017,95,3.1402206655933217e-4
2017,96,3.1402206655933217e-4
2017,97,3.1402206655933217e-4
2017,98,3.1402206655933217e-4
2017,99,3.1402206655933217e-4
2017,100,3.1402206655933217e-4
2018,0,0.014652132899006723
2018,1,0.014380770580843165
2018,2,0.014494581898205306
2018,3,0.014508464014359837
2018,4,0.014031734517529256
2018,5,0.013995817296367535
2018,6,0.014163945147572403
2018,7,0.01429152840556404
2018,8,0.014414814818079274
2018,9,0.014703915395773624
2018,10,0.014973074203436463
2018,11,0.015174364887677153
2018,12,0.015498941984433079
2018,13,0.015468643715048191
2018,14,0.015382486454470075
2018,15,0.015853266472948713
2018,16,0.016368667579066916
2018,17,0.01687613604738253
2018,18,0.017687799140322414
2018,19,0.018378158980197713
2018,20,0.018788672986481684
2018,21,0.018773909466126865
2018,22,0.018501004690612805
2018,23,0.018269415736987225
2018,24,0.01802108010355618
2018,25,0.01782684065291779
2018,26,0.01775357392876888
2018,27,0.017724707941209457
2018,28,0.01767369667311781
2018,29,0.017634914888305153
2018,30,0.017527053049294954
2018,31,0.017313753232825344
2018,32,0.017017821772578767
2018,33,0.01668916818139651
2018,34,0.016312478061298576
2018,35,0.01595088198813057
2018,36,0.01562972033265076
2018,37,0.015329381851402743
2018,38,0.014999516329445092
2018,39,0.014656539920008161
2018,40,0.014290867352413824
2018,41,0.0138921421273087
2018,42,0.013487247072801562
2018,43,0.013086097986145647
2018,44,0.012668092044159232
2018,45,0.012337345118001292
2018,46,0.012138698646361464
2018,47,0.012027751892650257
2018,48,0.011908211447986245
2018,49,0.011796493465599786
2018,50,0.01163728983192283
2018,51,0.01139997175099538
2018,52,0.01110822696070017
2018,53,0.010834771307560928
2018,54,0.010583681286003984
2018,55,0.01023673855766576
2018,56,0.00975780555033446
2018,57,0.0092091314356554
2018,58,0.008679076984707417
2018,59,0.008144395161707924
2018,60,0.00767372531875432
2018,61,0.007320833112064154
2018,62,0.007059166240103759
2018,63,0.006795736559742789
2018,64,0.006543214256360378
2018,65,0.006294768447404298
2018,66,0.006049407553149224
2018,67,0.005817708423998609
2018,68,0.005616307564232882
2018,69,0.0054525867340294515
2018,70,0.0052171416370276145
2018,71,0.004884301375893992
2018,72,0.00451818810619951
2018,73,0.004184686791915673
2018,74,0.003859448642009531
2018,75,0.0035689157824897156
2018,76,0.0033474629771674444
2018,77,0.0031878186413903447
2018,78,0.0030439294056933863
2018,79,0.002935186162482898
2018,80,0.002740726360794436
2018,81,0.0024382945445707376
2018,82,0.0021114037617890567
2018,83,0.001836515826824347
2018,84,0.0015900531773189138
2018,85,0.0013666172125459954
2018,86,0.0011932009361394012
2018,87,0.0010703552257243104
2018,88,9.634849664394333e-4
2018,89,8.741326156352731e-4
2018,90,3.206608576387386e-4
2018,91,3.206608576387386e-4
2018,92,3.206608576387386e-4
2018,93,3.206608576387386e-4
2018,94,3.206608576387386e-4
2018,95,3.206608576387386e-4
2018,96,3.206608576387386e-4
2018,97,3.206608576387386e-4
2018,98,3.206608576387386e-4
2018,99,3.206608576387386e-4
2018,100,3.206608576387386e-4
2019,0,0.014473234993908807
2019,1,0.014525354494726623
2019,2,0.014267275369878738
2019,3,0.014384872730967677
2019,4,0.014400201995914094
2019,5,0.0139314549728026
2019,6,0.013900029979662444
2019,7,0.014067228462328003
2019,8,0.014193804392885557
2019,9,0.014316219522957654
2019,10,0.014604300209200668
2019,11,0.014872452851013341
2019,12,0.015072280769064842
2019,13,0.015394742806687676
2019,14,0.015364850740042164
2019,15,0.015251633168937916
2019,16,0.015690707114903134
2019,17,0.016202485574614213
2019,18,0.016706051928103996
2019,19,0.0175117142957878
2019,20,0.0181587187712762
2019,21,0.018527059108988664
2019,22,0.01851249630728957
2019,23,0.018242044275734934
2019,24,0.01801232429103792
2019,25,0.017788626517569857
2019,26,0.017618909655663102
2019,27,0.01754631463666686
2019,28,0.01751784600176637
2019,29,0.017467368922192812
2019,30,0.01744546997226936
2019,31,0.017355574782833588
2019,32,0.017144249916072274
2019,33,0.016850694492348398
2019,34,0.016524619127988194
2019,35,0.016156826264023812
2019,36,0.015804253170256233
2019,37,0.015485842438369238
2019,38,0.015188345203659139
2019,39,0.014861284386552381
2019,40,0.01451473350401375
2019,41,0.014145845692553196
2019,42,0.013750898130683736
2019,43,0.01335014734708456
2019,44,0.012952900395473137
2019,45,0.012530907630448212
2019,46,0.012195525212370542
2019,47,0.01199931062105641
2019,48,0.011889487387190296
2019,49,0.011771342552353271
2019,50,0.011652978728017013
2019,51,0.011487970140343801
2019,52,0.011253432386663627
2019,53,0.010965789679419082
2019,54,0.010695337647864447
2019,55,0.010436820544018094
2019,56,0.010084247450250513
2019,57,0.009612544068899352
2019,58,0.00907251596378702
2019,59,0.00855044499761192
2019,60,0.008005599123516428
2019,61,0.007525136162195887
2019,62,0.007179132753405341
2019,63,0.0069228055445513335
2019,64,0.0066642884407049794
2019,65,0.0063995301361304425
2019,66,0.006139480105789448
2019,67,0.005900234077875732
2019,68,0.005674236914665705
2019,69,0.005477912828601956
2019,70,0.005289910343509119
2019,71,0.005033473639905493
2019,72,0.0047126540235269175
2019,73,0.004359095477012782
2019,74,0.004037509397386886
2019,75,0.0036931484098405997
2019,76,0.003385906142414565
2019,77,0.0031758952126486584
2019,78,0.003024792458176838
2019,79,0.002888580989652965
2019,80,0.0027479897311444017
2019,81,0.0025290002319098798
2019,82,0.002250226599384333
2019,83,0.0019486780589383957
2019,84,0.0016950882188248191
2019,85,0.0014390894942196628
2019,86,0.0012104644570188215
2019,87,0.0010570623128050387
2019,88,9.484435211847157e-4
2019,89,8.538400575154021e-4
2019,90,3.252591307721476e-4
2019,91,3.252591307721476e-4
2019,92,3.252591307721476e-4
2019,93,3.252591307721476e-4
2019,94,3.252591307721476e-4
2019,95,3.252591307721476e-4
2019,96,3.252591307721476e-4
2019,97,3.252591307721476e-4
2019,98,3.252591307721476e-4
2019,99,3.252591307721476e-4
2019,100,3.252591307721476e-4
2020,0,0.014283590371060329
2020,1,0.01435194124089045
2020,2,0.014414197128697504
2020,3,0.014162017247493058
2020,4,0.014280542880048794
2020,5,0.014300569249553162
2020,6,0.013838874361305745
2020,7,0.013807855256366916
2020,8,0.013973725838566129
2020,9,0.014099761359686004
2020,10,0.01422198751704146
2020,11,0.014508887027984457
2020,12,0.014775433652528994
2020,13,0.0149739559241375
2020,14,0.015294486675172069
2020,15,0.015237672735599898
2020,16,0.01509792350492812
2020,17,0.015533823558542194
2020,18,0.01604177500678611
2020,19,0.016541890049571795
2020,20,0.017304524675208204
2020,21,0.017908798607209536
2020,22,0.018274171011699536
2020,23,0.01826002194628884
2020,24,0.01799173389830914
2020,25,0.017785810577101196
2020,26,0.01758630875481041
2020,27,0.017418043715387847
2020,28,0.0173462099986874
2020,29,0.01731812954579541
2020,30,0.017284171788809744
2020,31,0.017279274035398348
2020,32,0.01719002608434628
2020,33,0.01698051107730331
2020,34,0.01668925800777241
2020,35,0.01637144823085528
2020,36,0.01601217080838835
2020,37,0.015662797731708904
2020,38,0.01534716473408573
2020,39,0.015052211139755108
2020,40,0.014721231848109565
2020,41,0.014371096898677237
2020,42,0.014005724494187237
2020,43,0.013614666094028593
2020,44,0.013217839228740974
2020,45,0.012816114610041961
2020,46,0.012390445419109466
2020,47,0.012058595415746342
2020,48,0.011864644380655136
2020,49,0.011756023093886885
2020,50,0.01163140247930808
2020,51,0.011506781864729275
2020,52,0.011343741095612201
2020,53,0.011112022939770911
2020,54,0.010828062080874752
2020,55,0.010549978526072265
2020,56,0.010284411452210008
2020,57,0.009936888637930423
2020,58,0.009472581614530262
2020,59,0.00894046791612347
2020,60,0.008407048150140305
2020,61,0.00785327549775868
2020,62,0.007381893941653173
2020,63,0.007042860566620004
2020,64,0.00679144255816844
2020,65,0.006520324697106603
2020,66,0.006244091404703976
2020,67,0.0059904966169584606
2020,68,0.005757037037682009
2020,69,0.005536638134169275
2020,70,0.005317001103409424
2020,71,0.0051063977067194784
2020,72,0.0048588979009970305
2020,73,0.004549142207467528
2020,74,0.004207932053140407
2020,75,0.003865851187095704
2020,76,0.0035061384087699825
2020,77,0.003214558822344988
2020,78,0.003015383516948295
2020,79,0.002872151439406192
2020,80,0.0027063896961716763
2020,81,0.0025381246567491153
2020,82,0.0023362283772349808
2020,83,0.002078824225725047
2020,84,0.0018003053150637699
2020,85,0.001536153147742582
2020,86,0.0012765722169386952
2020,87,0.0010739140646716776
2020,88,9.37974197764317e-4
2020,89,8.416517140069e-4
2020,90,3.28080217404051e-4
2020,91,3.28080217404051e-4
2020,92,3.28080217404051e-4
2020,93,3.28080217404051e-4
2020,94,3.28080217404051e-4
2020,95,3.28080217404051e-4
2020,96,3.28080217404051e-4
2020,97,3.28080217404051e-4
2020,98,3.28080217404051e-4
2020,99,3.28080217404051e-4
2020,100,3.28080217404051e-4
2021,0,0.01408763596204284
2021,1,0.014167710704240045
2021,2,0.01424529663688247
2021,3,0.014311520612861778
2021,4,0.01406242323916183
2021,5,0.014184807743790257
2021,6,0.014208830166449419
2021,7,0.013749915326370581
2021,8,0.01371907572971355
2021,9,0.013883986414995358
2021,10,0.014009941820289338
2021,11,0.014132001697584535
2021,12,0.014417240914384302
2021,13,0.014682245027412614
2021,14,0.014879402027795459
2021,15,0.01517167483681525
2021,16,0.015088462030396805
2021,17,0.014949737949995705
2021,18,0.015382574394304911
2021,19,0.015886937061036215
2021,20,0.016347583246892287
2021,21,0.017067823090222808
2021,22,0.017667409774702138
2021,23,0.01803023492414433
2021,24,0.018016167739704284
2021,25,0.017771506939558503
2021,26,0.017589174587393248
2021,27,0.017391151914121786
2021,28,0.017224293464840588
2021,29,0.0171532000788628
2021,30,0.01714118886753322
2021,31,0.01712398361887193
2021,32,0.017119005999762373
2021,33,0.01703049094690114
2021,34,0.016822837662743798
2021,35,0.016539005164388037
2021,36,0.01622909427026264
2021,37,0.015872978085707243
2021,38,0.015526384302926645
2021,39,0.015213659971913243
2021,40,0.014914245361562349
2021,41,0.014579662790111332
2021,42,0.014232744379997503
2021,43,0.013870784903443928
2021,44,0.013483288076676111
2021,45,0.013081940483690399
2021,46,0.012675939898928361
2021,47,0.012255006456837659
2021,48,0.011926591804718048
2021,49,0.011734845259889068
2021,50,0.011619494347480665
2021,51,0.011488777741299284
2021,52,0.011365743982004392
2021,53,0.01120462061561029
2021,54,0.010975758345681796
2021,55,0.010684134791328468
2021,56,0.0103988955745287
2021,57,0.01013746236216594
2021,58,0.009794872316495203
2021,59,0.009337472403971448
2021,60,0.008793288784363697
2021,61,0.008249538001200256
2021,62,0.007706652890925433
2021,63,0.007244058941069967
2021,64,0.006911856970062651
2021,65,0.006647177484367571
2021,66,0.0063644270771225815
2021,67,0.006095202808762254
2021,68,0.005847403944395233
2021,69,0.005619948392910745
2021,70,0.005376369683875739
2021,71,0.005135279784395511
2021,72,0.004931846655570183
2021,73,0.004692812729200423
2021,74,0.0043937227461827615
2021,75,0.004031438642295955
2021,76,0.0036726172299636223
2021,77,0.003330784648070426
2021,78,0.0030540939510457655
2021,79,0.002865052633993719
2021,80,0.0026931083564918864
2021,81,0.0025019028572182945
2021,82,0.002346947410155598
2021,83,0.0021602866935472526
2021,84,0.0019225512765104207
2021,85,0.001633308322600793
2021,86,0.0013646250997958527
2021,87,0.0011341396932012
2021,88,9.542961505907243e-4
2021,89,8.335347826284556e-4
2021,90,3.300771375534349e-4
2021,91,3.300771375534349e-4
2021,92,3.300771375534349e-4
2021,93,3.300771375534349e-4
2021,94,3.300771375534349e-4
2021,95,3.300771375534349e-4
2021,96,3.300771375534349e-4
2021,97,3.300771375534349e-4
2021,98,3.300771375534349e-4
2021,99,3.300771375534349e-4
2021,100,3.300771375534349e-4
2022,0,0.013881248821707949
2022,1,0.013977341497659772
2022,2,0.014065794106430655
2022,3,0.014147252287500679
2022,4,0.014214614006588966
2022,5,0.01397131552917903
2022,6,0.014097000014634495
2022,7,0.014120996281977447
2022,8,0.013664636776141296
2022,9,0.01363418411399755
2022,10,0.013798606968257781
2022,11,0.013924614273453284
2022,12,0.014045779282548193
2022,13,0.01432964544062312
2022,14,0.014592851135335504
2022,15,0.01476340756465649
2022,16,0.015027366505428966
2022,17,0.014944939865138826
2022,18,0.014807095836141865
2022,19,0.015236984123294758
2022,20,0.015703135827912114
2022,21,0.016124846014984002
2022,22,0.016839676526011954
2022,23,0.01743474091348517
2022,24,0.0177950077433695
2022,25,0.01780210977765037
2022,26,0.017580655435983125
2022,27,0.017399768774980867
2022,28,0.017203386766456705
2022,29,0.01703788784639634
2022,30,0.01698279327742956
2022,31,0.016986882327470067
2022,32,0.016969988094407987
2022,33,0.01696514579830739
2022,34,0.016877231222436576
2022,35,0.016676114524391827
2022,36,0.01639978082691783
2022,37,0.01609256404098003
2022,38,0.01573918403221655
2022,39,0.015395381009074248
2022,40,0.015078479630935256
2022,41,0.01477502907529792
2022,42,0.014443385595697114
2022,43,0.014099690179134827
2022,44,0.013741037447950697
2022,45,0.013348596250642412
2022,46,0.01294302705057251
2022,47,0.012541008867643045
2022,48,0.012124571402991807
2022,49,0.011799599531351823
2022,50,0.011602141457027527
2022,51,0.011480546021612567
2022,52,0.01135141812559668
2022,53,0.011229822690181718
2022,54,0.011070672558342135
2022,55,0.010833507655992955
2022,56,0.010534684183296188
2022,57,0.010253292976561565
2022,58,0.009995790430589882
2022,59,0.009658228589088349
2022,60,0.00918669655547033
2022,61,0.00863166181576204
2022,62,0.00809825599863641
2022,63,0.007565495820990859
2022,64,0.007111718873075026
2022,65,0.006767700636772698
2022,66,0.0064911517261386715
2022,67,0.006214925635244685
2022,68,0.005952257973432366
2022,69,0.005710358381562602
2022,70,0.005459957869871793
2022,71,0.005195460896199249
2022,72,0.0049623850438905714
2022,73,0.0047657878222063825
2022,74,0.004534971708077983
2022,75,0.004211936754878237
2022,76,0.0038324083471715396
2022,77,0.0034916183082696088
2022,78,0.003166538830049611
2022,79,0.0029036559550772657
2022,80,0.002688442795050786
2022,81,0.0024920607865266233
2022,82,0.0023154783887248966
2022,83,0.0021722540307272742
2022,84,0.0019997606829660506
2022,85,0.0017462395804548573
2022,86,0.0014527964367587521
2022,87,0.001214125042289386
2022,88,0.001009242113944177
2022,89,8.492311294644894e-4
2022,90,3.317217389317241e-4
2022,91,3.317217389317241e-4
2022,92,3.317217389317241e-4
2022,93,3.317217389317241e-4
2022,94,3.317217389317241e-4
2022,95,3.317217389317241e-4
2022,96,3.317217389317241e-4
2022,97,3.317217389317241e-4
2022,98,3.317217389317241e-4
2022,99,3.317217389317241e-4
2022,100,3.317217389317241e-4
2023,0,0.013663839994999415
2023,1,0.01377654580351214
2023,2,0.013880581934446962
2023,3,0.013972416296938812
2023,4,0.014055045816570173
2023,5,0.014126222799154181
2023,6,0.013888502380629244
2023,7,0.014013195891471906
2023,8,0.0140372783291883
2023,9,0.013583351136498402
2023,10,0.01355359594678659
2023,11,0.013717998721597173
2023,12,0.013843227397722422
2023,13,0.013963639586304392
2023,14,0.014245885756340532
2023,15,0.01448285694346985
2023,16,0.01462670937142911
2023,17,0.014889047392953028
2023,18,0.014807274137773807
2023,19,0.014670164792375137
2023,20,0.015063404242019723
2023,21,0.015491643501145468
2023,22,0.015910463851297692
2023,23,0.01661998598295092
2023,24,0.017211129554096004
2023,25,0.017589063276658615
2023,26,0.01761721297052267
2023,27,0.0173972600393796
2023,28,0.017217872636656594
2023,29,0.017023072473795097
2023,30,0.016873975426066487
2023,31,0.016834908360437672
2023,32,0.016838868583528812
2023,33,0.016822385492825147
2023,34,0.016817676038338385
2023,35,0.01673515355176354
2023,36,0.016540674488071595
2023,37,0.016266455797274253
2023,38,0.015961625652312964
2023,39,0.015611092392218782
2023,40,0.015263234958537535
2023,41,0.014942349855098649
2023,42,0.01464137290017198
2023,43,0.014312781416663848
2023,44,0.013971988164712743
2023,45,0.013608182805610415
2023,46,0.01321098313287469
2023,47,0.012809502137878272
2023,48,0.01241166026680344
2023,49,0.011999261900042257
2023,50,0.011669921185138503
2023,51,0.011467093543038206
2023,52,0.011347002453625788
2023,53,0.011219204984144124
2023,54,0.01109932796084474
2023,55,0.010930750896829981
2023,56,0.010685645197405348
2023,57,0.0103909831928132
2023,58,0.010113339444207307
2023,59,0.009859564067204772
2023,60,0.00950549871624552
2023,61,0.009021281168561223
2023,62,0.008476268844775096
2023,63,0.007952877198405464
2023,64,0.007429913684261902
2023,65,0.006966139450372411
2023,66,0.0066115389341305725
2023,67,0.006341494532537407
2023,68,0.006071771230113794
2023,69,0.0058153200266983255
2023,70,0.005550306178761473
2023,71,0.005279191446603135
2023,72,0.005023382441526771
2023,73,0.004797970824501323
2023,74,0.004607773083070068
2023,75,0.004350144516032909
2023,76,0.004006675437668871
2023,77,0.0036459740372055465
2023,78,0.003321877942071141
2023,79,0.003012552408736124
2023,80,0.002726881180891431
2023,81,0.0024899099937621136
2023,82,0.0023082748968522434
2023,83,0.0021452635517763847
2023,84,0.0020126495947514413
2023,85,0.0018184916302290465
2023,86,0.0015554043773095057
2023,87,0.0012943507524637938
2023,88,0.0010817831022204222
2023,89,8.995058069714483e-4
2023,90,3.349161641205189e-4
2023,91,3.349161641205189e-4
2023,92,3.349161641205189e-4
2023,93,3.349161641205189e-4
2023,94,3.349161641205189e-4
2023,95,3.349161641205189e-4
2023,96,3.349161641205189e-4
2023,97,3.349161641205189e-4
2023,98,3.349161641205189e-4
2023,99,3.349161641205189e-4
2023,100,3.349161641205189e-4
2024,0,0.013437643761394422
2024,1,0.013565005707859809
2024,2,0.013684806869877835
2024,3,0.013792361690889574
2024,4,0.013885114412771975
2024,5,0.013971584229268542
2024,6,0.014046020684602409
2024,7,0.013809719548141964
2024,8,0.013933780307031742
2024,9,0.013957634049513555
2024,10,0.013506862210560392
2024,11,0.013478003441754273
2024,12,0.01364125249186417
2024,13,0.013765952190284711
2024,14,0.013885859842224532
2024,15,0.014142181083982212
2024,16,0.014353031129133938
2024,17,0.01449594060418122
2024,18,0.014756627932732446
2024,19,0.014675482612325569
2024,20,0.014506163636673425
2024,21,0.014863011364604453
2024,22,0.015288545092092484
2024,23,0.01570438823669728
2024,24,0.01640913853912866
2024,25,0.017016131093353325
2024,26,0.017411954132660886
2024,27,0.017439960982092655
2024,28,0.017221656642415362
2024,29,0.017043605493176125
2024,30,0.016864915404406128
2024,31,0.016732335451772846
2024,32,0.016693466630318107
2024,33,0.016697513247346273
2024,34,0.016681326779233615
2024,35,0.01668122028931182
2024,36,0.016604334565776695
2024,37,0.01641126833756453
2024,38,0.01613897360753778
2024,39,0.015836755209486974
2024,40,0.015482037279991822
2024,41,0.015130301068306895
2024,42,0.014812109181987016
2024,43,0.014513511441277197
2024,44,0.014187865260431753
2024,45,0.013841453544836516
2024,46,0.013472465965820996
2024,47,0.013079092194714693
2024,48,0.012681671806580225
2024,49,0.012287552606021367
2024,50,0.011871602971494777
2024,51,0.011537970046514797
2024,52,0.011337556013698864
2024,53,0.011218819750898775
2024,54,0.011092522703651327
2024,55,0.01096292446882827
2024,56,0.01078529927927621
2024,57,0.01054356715680428
2024,58,0.010252849670307202
2024,59,0.009979064081375338
2024,60,0.009707301800957557
2024,61,0.009337781772333067
2024,62,0.008862197781601949
2024,63,0.00832719241450989
2024,64,0.007813272051933004
2024,65,0.007280715953042204
2024,66,0.0068082201700431074
2024,67,0.006462021434291459
2024,68,0.006198139408086419
2024,69,0.0059345768516467605
2024,70,0.005655253786781619
2024,71,0.005369221856843468
2024,72,0.005107043669387129
2024,73,0.0048597740709819225
2024,74,0.004641469731304629
2024,75,0.004422739431940161
2024,76,0.00414118007871735
2024,77,0.0038142560188103797
2024,78,0.0034712519807125453
2024,79,0.003162537697432315
2024,80,0.0028312475507317986
2024,81,0.0025279642534630524
2024,82,0.002308382034724234
2024,83,0.002140340938133615
2024,84,0.001989444718951798
2024,85,0.0018321591044623538
2024,86,0.0016219479988413897
2024,87,0.0013876701708950266
2024,88,0.0011548832018537765
2024,89,9.654376309826038e-4
2024,90,3.4205530970367147e-4
2024,91,3.4205530970367147e-4
2024,92,3.4205530970367147e-4
2024,93,3.4205530970367147e-4
2024,94,3.4205530970367147e-4
2024,95,3.4205530970367147e-4
2024,96,3.4205530970367147e-4
2024,97,3.4205530970367147e-4
2024,98,3.4205530970367147e-4
2024,99,3.4205530970367147e-4
2024,100,3.4205530970367147e-4
2025,0,0.013437643761394422
2025,1,0.013565005707859809
2025,2,0.013684806869877835
2025,3,0.013792361690889574
2025,4,0.013885114412771975
2025,5,0.013971584229268542
2025,6,0.014046020684602409
2025,7,0.013809719548141964
2025,8,0.013933780307031742
2025,9,0.013957634049513555
2025,10,0.013506862210560392
2025,11,0.013478003441754273
2025,12,0.01364125249186417
2025,13,0.013765952190284711
2025,14,0.013885859842224532
2025,15,0.014142181083982212
2025,16,0.014353031129133938
2025,17,0.01449594060418122
2025,18,0.014756627932732446
2025,19,0.014675482612325569
2025,20,0.014506163636673425
2025,21,0.014863011364604453
2025,22,0.015288545092092484
2025,23,0.01570438823669728
2025,24,0.01640913853912866
2025,25,0.017016131093353325
2025,26,0.017411954132660886
2025,27,0.017439960982092655
2025,28,0.017221656642415362
2025,29,0.017043605493176125
2025,30,0.016864915404406128
2025,31,0.016732335451772846
2025,32,0.016693466630318107
2025,33,0.016697513247346273
2025,34,0.016681326779233615
2025,35,0.01668122028931182
2025,36,0.016604334565776695
2025,37,0.01641126833756453
2025,38,0.01613897360753778
2025,39,0.015836755209486974
2025,40,0.015482037279991822
2025,41,0.015130301068306895
2025,42,0.014812109181987016
2025,43,0.014513511441277197
2025,44,0.014187865260431753
2025,45,0.013841453544836516
2025,46,0.013472465965820996
2025,47,0.013079092194714693
2025,48,0.012681671806580225
2025,49,0.012287552606021367
2025,50,0.011871602971494777
2025,51,0.011537970046514797
2025,52,0.011337556013698864
2025,53,0.011218819750898775
2025,54,0.011092522703651327
2025,55,0.01096292446882827
2025,56,0.01078529927927621
2025,57,0.01054356715680428
2025,58,0.010252849670307202
2025,59,0.009979064081375338
2025,60,0.009707301800957557
2025,61,0.009337781772333067
2025,62,0.008862197781601949
2025,63,0.00832719241450989
2025,64,0.007813272051933004
2025,65,0.007280715953042204
2025,66,0.0068082201700431074
2025,67,0.006462021434291459
2025,68,0.006198139408086419
2025,69,0.0059345768516467605
2025,70,0.005655253786781619
2025,71,0.005369221856843468
2025,72,0.005107043669387129
2025,73,0.0048597740709819225
2025,74,0.004641469731304629
2025,75,0.004422739431940161
2025,76,0.00414118007871735
2025,77,0.0038142560188103797
2025,78,0.0034712519807125453
2025,79,0.003162537697432315
2025,80,0.0028312475507317986
2025,81,0.0025279642534630524
2025,82,0.002308382034724234
2025,83,0.002140340938133615
2025,84,0.001989444718951798
2025,85,0.0018321591044623538
2025,86,0.0016219479988413897
2025,87,0.0013876701708950266
2025,88,0.0011548832018537765
2025,89,9.654376309826038e-4
2025,90,3.4205530970367147e-4
2025,91,3.4205530970367147e-4
2025,92,3.4205530970367147e-4
2025,93,3.4205530970367147e-4
2025,94,3.4205530970367147e-4
2025,95,3.4205530970367147e-4
2025,96,3.4205530970367147e-4
2025,97,3.4205530970367147e-4
2025,98,3.4205530970367147e-4
2025,99,3.4205530970367147e-4
2025,100,3.4205530970367147e-4
