UF,episode_id,q_scenario,identification_status,t_pre,t_pre_matched,S_pre_median,S_pre_lower,S_pre_upper,temperature_summary,precipitation_summary,R_climate_hat,R_climate_lower,R_climate_upper,R_climate_log_fit,R_climate_log_se,climate_in_training_support,Re_pred_median,Re_pred_lower,Re_pred_upper,episode_start,episode_end,total_cases,Re_obs_median,Re_obs_lower,Re_obs_upper,peak_cases
BA,BA_wave_03,NA,serology_anchored,2016-10-09,2016-10-09,0.996445774449418,0.9928184985596615,0.9982244079344553,25.279626021770966,52.39099819806233,2.083984179137377,1.7954785570561291,2.4188481905435086,0.7342815322775524,0.07602547972855517,YES,2.080727414690238,1.7931594924788852,2.4120049948454216,2016-10-16,2017-10-22,6655,1.1734559394706694,0.8080042933447998,1.784439942802693,352
BA,BA_wave_04,NA,serology_anchored,2017-11-05,2017-11-05,0.9931083242153873,0.986442170600914,0.9964195906801211,25.551601926775152,75.10376829703148,2.134275495238801,1.8569921876092297,2.452962333374864,0.7581272425971728,0.07100467715868462,YES,2.1205435041010685,1.8366401562353856,2.430220904374791,2017-11-12,2018-12-16,3383,1.3694102602910896,0.9280394745589228,2.074337148908747,150
BA,BA_wave_05,NA,serology_anchored,2019-01-27,2019-01-27,0.9914650722325486,0.9832779156827569,0.9955545066303227,27.391357869779863,63.423220161958,2.1623593866165836,1.8316530892702518,2.5527749464565535,0.7711999341798724,0.08468420796488785,YES,2.135600819968773,1.8126333503233156,2.532270174448891,2019-02-03,2019-12-15,5711,1.0722555596883585,0.7318522067965211,1.6286951722682403,361
BA,BA_wave_06,NA,serology_anchored,2020-01-12,2020-01-12,0.9886489761597916,0.977626628200433,0.9941162116515697,26.976120391518567,107.13066634272444,2.2368639498300835,1.9353949147545335,2.5852916590328254,0.8050748625226357,0.07385891150615549,YES,2.21108294488403,1.9144988192466676,2.548842326847018,2020-01-19,2020-12-20,18760,1.459620676899967,1.0379580909196708,2.1244308749921457,1179
BA,BA_wave_07,NA,serology_anchored,2020-12-27,2020-12-27,0.9796207202104494,0.9595613608925009,0.989377073851255,25.806957180303357,44.00209284875285,2.082374393181971,1.790819637327649,2.4213957804543633,0.7335087778410005,0.07695681879755285,YES,2.040118735201755,1.7348327258359433,2.3567713575697695,2021-01-03,2021-10-24,9546,2.8219228702929304,1.996569018758673,4.115175892497589,830
BA,BA_wave_08,NA,serology_anchored,2021-11-28,2021-11-28,0.9746214328459872,0.949654636319666,0.9868209496117745,24.846061829588503,273.920096444018,2.5278306695686816,2.205719664124792,2.8969809708558367,0.9273614920668045,0.06954472353567094,YES,2.4654733339828607,2.1383366799027312,2.8269106507232187,2021-12-05,2022-10-02,13897,1.9509810772173637,1.3806884022790014,2.8416752801552843,1013
BA,BA_wave_09,NA,serology_anchored,2022-10-30,2022-10-30,0.967604557467594,0.9358814040759866,0.9831260148215557,24.690483965403306,232.93113671959748,2.431768043541922,2.135747801475226,2.768817466887745,0.8886185827221699,0.06622537707422856,YES,2.345443306082749,2.0547607029764077,2.6727238739957015,2022-11-06,2023-12-24,12629,1.8480614056425169,1.3062062337117826,2.7519658300357652,434
BA,BA_wave_10,NA,serology_anchored,2024-01-14,2024-01-14,0.9616984231762588,0.924375076064747,0.9801868046306028,26.039862858419454,199.69730096567724,2.401491571235573,2.1275895070725235,2.710655296778034,0.8760900323250246,0.06178590829855373,YES,2.3086933676243167,2.03669920350455,2.608452296210568,2024-01-21,2025-12-28,14855,2.536639210128031,1.826916662081009,3.658050871406114,1436
CE,CE_wave_03,0.05,conditional_fixed_q_sensitivity,2017-02-05,2017-02-05,0.9260779994101839,0.9156178782582871,0.9344809591670615,25.634766051909775,249.3804551331594,2.497905775276807,2.2021187420381465,2.833422713793487,0.9154526909266368,0.06430241298403998,YES,2.3135095605567066,2.0426765086130767,2.631109867181028,2017-02-12,2018-12-16,106695,2.0970421266971613,1.4914926315291894,3.088328977604876,8682
CE,CE_wave_03,0.10,conditional_fixed_q_sensitivity,2017-02-05,2017-02-05,0.96270320502355,0.9574154279417791,0.9668065496281741,25.634766051909775,249.3804551331594,2.497905775276807,2.2021187420381465,2.833422713793487,0.9154526909266368,0.06430241298403998,YES,2.3997460757655213,2.1119906646965423,2.7347237482051243,2017-02-12,2018-12-16,106695,2.0970421266971613,1.4914926315291894,3.088328977604876,8682
CE,CE_wave_03,0.15,conditional_fixed_q_sensitivity,2017-02-05,2017-02-05,0.9752398263138329,0.9716949911591343,0.9777153872263223,25.634766051909775,249.3804551331594,2.497905775276807,2.2021187420381465,2.833422713793487,0.9154526909266368,0.06430241298403998,YES,2.4308667952096608,2.157472396425688,2.749515887654277,2017-02-12,2018-12-16,106695,2.0970421266971613,1.4914926315291894,3.088328977604876,8682
CE,CE_wave_03,0.20,conditional_fixed_q_sensitivity,2017-02-05,2017-02-05,0.9814434940150362,0.9787518756931282,0.9835947800759566,25.634766051909775,249.3804551331594,2.497905775276807,2.2021187420381465,2.833422713793487,0.9154526909266368,0.06430241298403998,YES,2.44842142493438,2.154965354121971,2.7706361150081693,2017-02-12,2018-12-16,106695,2.0970421266971613,1.4914926315291894,3.088328977604876,8682
CE,CE_wave_04,0.05,conditional_fixed_q_sensitivity,2018-12-23,2018-12-23,0.7379343972017336,0.7107892174765418,0.7601866608560419,26.302090529581022,138.03716499015425,2.279964796037324,2.008254520040358,2.5884365847537354,0.8241600025126392,0.06474186515688457,YES,1.6822265199767115,1.4736722625483383,1.9102599695829607,2018-12-30,2019-09-08,1094,1.6170346314445174,1.097571094752463,2.4365354166987028,59
CE,CE_wave_04,0.10,conditional_fixed_q_sensitivity,2018-12-23,2018-12-23,0.8641543397328928,0.8501656028195657,0.8765860844508879,26.302090529581022,138.03716499015425,2.279964796037324,2.008254520040358,2.5884365847537354,0.8241600025126392,0.06474186515688457,YES,1.975510839280846,1.7258993552591373,2.233725037716025,2018-12-30,2019-09-08,1094,1.6170346314445174,1.097571094752463,2.4365354166987028,59
CE,CE_wave_04,0.15,conditional_fixed_q_sensitivity,2018-12-23,2018-12-23,0.9092193933009382,0.8998539955883385,0.9172666117997094,26.302090529581022,138.03716499015425,2.279964796037324,2.008254520040358,2.5884365847537354,0.8241600025126392,0.06474186515688457,YES,2.0748463133919826,1.8160303619442593,2.352502651002556,2018-12-30,2019-09-08,1094,1.6170346314445174,1.097571094752463,2.4365354166987028,59
CE,CE_wave_04,0.20,conditional_fixed_q_sensitivity,2018-12-23,2018-12-23,0.9322138581682358,0.9233732783137362,0.9387885071230226,26.302090529581022,138.03716499015425,2.279964796037324,2.008254520040358,2.5884365847537354,0.8241600025126392,0.06474186515688457,YES,2.132384980868494,1.8603089274576554,2.410025603666841,2018-12-30,2019-09-08,1094,1.6170346314445174,1.097571094752463,2.4365354166987028,59
CE,CE_wave_05,0.05,conditional_fixed_q_sensitivity,2019-09-15,2019-09-15,0.7384092163178063,0.7113807448630403,0.760384304572421,27.938991161883703,5.562332668838317,2.0674771260271165,1.6931518436291904,2.5245589654163805,0.7263290842642373,0.10190678369651587,NO,1.515804263283792,1.2524218152903988,1.8789278717502946,2019-09-22,2020-12-20,1119,1.0029392098604584,0.6609838907084242,1.5541638635634345,39
CE,CE_wave_05,0.10,conditional_fixed_q_sensitivity,2019-09-15,2019-09-15,0.8644372554667386,0.8506127028596638,0.8767532548962718,27.938991161883703,5.562332668838317,2.0674771260271165,1.6931518436291904,2.5245589654163805,0.7263290842642373,0.10190678369651587,NO,1.7933114038853857,1.463400518383711,2.1785780263444474,2019-09-22,2020-12-20,1119,1.0029392098604584,0.6609838907084242,1.5541638635634345,39
CE,CE_wave_05,0.15,conditional_fixed_q_sensitivity,2019-09-15,2019-09-15,0.9093747555404706,0.9001487932207861,0.91727534637613,27.938991161883703,5.562332668838317,2.0674771260271165,1.6931518436291904,2.5245589654163805,0.7263290842642373,0.10190678369651587,NO,1.8776044315149436,1.5378487569466246,2.2928020091731125,2019-09-22,2020-12-20,1119,1.0029392098604584,0.6609838907084242,1.5541638635634345,39
CE,CE_wave_05,0.20,conditional_fixed_q_sensitivity,2019-09-15,2019-09-15,0.9323400105717581,0.9236070380398385,0.9388606869250972,27.938991161883703,5.562332668838317,2.0674771260271165,1.6931518436291904,2.5245589654163805,0.7263290842642373,0.10190678369651587,NO,1.9295119841391684,1.5750905990870763,2.347595682648837,2019-09-22,2020-12-20,1119,1.0029392098604584,0.6609838907084242,1.5541638635634345,39
CE,CE_wave_06,0.05,conditional_fixed_q_sensitivity,2022-01-16,2022-01-16,0.740723524968687,0.7144997443891449,0.7620338944199662,26.792917790146674,119.68661714149901,2.2568909470951932,1.965379148282906,2.5916407790986935,0.8139881790319068,0.07056275588938006,YES,1.6687937566134816,1.4564527883949632,1.9154576944953277,2022-01-23,2023-12-17,52761,2.404426179398206,1.7235641397104933,3.4800158165489123,3521
CE,CE_wave_06,0.10,conditional_fixed_q_sensitivity,2022-01-16,2022-01-16,0.8657516925123415,0.8524009467358362,0.8775717251777432,26.792917790146674,119.68661714149901,2.2568909470951932,1.965379148282906,2.5916407790986935,0.8139881790319068,0.07056275588938006,YES,1.952891336036263,1.6979641801947511,2.2622442173488997,2022-01-23,2023-12-17,52761,2.404426179398206,1.7235641397104933,3.4800158165489123,3521
CE,CE_wave_06,0.15,conditional_fixed_q_sensitivity,2022-01-16,2022-01-16,0.9102502705365858,0.9013152366335792,0.9179446306219755,26.792917790146674,119.68661714149901,2.2568909470951932,1.965379148282906,2.5916407790986935,0.8139881790319068,0.07056275588938006,YES,2.049294319106523,1.7846570595221163,2.339368642596814,2022-01-23,2023-12-17,52761,2.404426179398206,1.7235641397104933,3.4800158165489123,3521
CE,CE_wave_06,0.20,conditional_fixed_q_sensitivity,2022-01-16,2022-01-16,0.9329405962623388,0.9244839943495797,0.9392694007196322,26.792917790146674,119.68661714149901,2.2568909470951932,1.965379148282906,2.5916407790986935,0.8139881790319068,0.07056275588938006,YES,2.1106159040472416,1.8437299183615263,2.4364939114063544,2022-01-23,2023-12-17,52761,2.404426179398206,1.7235641397104933,3.4800158165489123,3521
CE,CE_wave_07,0.05,conditional_fixed_q_sensitivity,2023-12-31,2023-12-31,0.6276177929671808,0.5976125610746921,0.6556719917754371,28.024714215493432,65.797123413822,2.1846034042404567,1.8186165433527128,2.6242431650933185,0.7814343037161479,0.09355011872250435,YES,1.3683385025262431,1.1343760574909176,1.6539875271694173,2024-01-07,2024-12-15,882,1.7160978478078874,1.1629213475499542,2.616985139099283,64
CE,CE_wave_07,0.10,conditional_fixed_q_sensitivity,2023-12-31,2023-12-31,0.8100246779245481,0.7940852093882166,0.8234070856404372,28.024714215493432,65.797123413822,2.1846034042404567,1.8186165433527128,2.6242431650933185,0.7814343037161479,0.09355011872250435,YES,1.769073648082572,1.4588663435019142,2.117237441231446,2024-01-07,2024-12-15,882,1.7160978478078874,1.1629213475499542,2.616985139099283,64
CE,CE_wave_07,0.15,conditional_fixed_q_sensitivity,2023-12-31,2023-12-31,0.8732519944711119,0.8619799124166769,0.8821435432914135,28.024714215493432,65.797123413822,2.1846034042404567,1.8186165433527128,2.6242431650933185,0.7814343037161479,0.09355011872250435,YES,1.9118764992284087,1.591078196491134,2.28956397867784,2024-01-07,2024-12-15,882,1.7160978478078874,1.1629213475499542,2.616985139099283,64
CE,CE_wave_07,0.20,conditional_fixed_q_sensitivity,2023-12-31,2023-12-31,0.905334009035041,0.8961542151254417,0.9122820849161848,28.024714215493432,65.797123413822,2.1846034042404567,1.8186165433527128,2.6242431650933185,0.7814343037161479,0.09355011872250435,YES,1.9726016553720611,1.6536301988548745,2.381586257148309,2024-01-07,2024-12-15,882,1.7160978478078874,1.1629213475499542,2.616985139099283,64
CE,CE_wave_08,0.05,conditional_fixed_q_sensitivity,2025-01-12,2025-01-12,0.6301432522372485,0.60055335262836,0.6575549107157834,26.508053974524003,229.00271615898325,2.480246885641438,2.1755648530948486,2.82759882105241,0.9083581058839227,0.0668723329019422,YES,1.56026792938815,1.3557169911071547,1.7902534641533718,2025-01-19,2025-12-28,676,1.3070673248567606,0.8334308999551633,2.0819756199966752,40
CE,CE_wave_08,0.10,conditional_fixed_q_sensitivity,2025-01-12,2025-01-12,0.8113318705745812,0.7956023555540644,0.8245246270961872,26.508053974524003,229.00271615898325,2.480246885641438,2.1755648530948486,2.82759882105241,0.9083581058839227,0.0668723329019422,YES,2.006775284508686,1.7594050593554058,2.3018155084741685,2025-01-19,2025-12-28,676,1.3070673248567606,0.8334308999551633,2.0819756199966752,40
CE,CE_wave_08,0.15,conditional_fixed_q_sensitivity,2025-01-12,2025-01-12,0.8741418026133738,0.8629186308351731,0.8829049864788532,26.508053974524003,229.00271615898325,2.480246885641438,2.1755648530948486,2.82759882105241,0.9083581058839227,0.0668723329019422,YES,2.172730665706802,1.9054037466597202,2.4754591672971875,2025-01-19,2025-12-28,676,1.3070673248567606,0.8334308999551633,2.0819756199966752,40
CE,CE_wave_08,0.20,conditional_fixed_q_sensitivity,2025-01-12,2025-01-12,0.9059873909335309,0.8968894864163698,0.9128443033814566,26.508053974524003,229.00271615898325,2.480246885641438,2.1755648530948486,2.82759882105241,0.9083581058839227,0.0668723329019422,YES,2.2459086295494006,1.9747409346749396,2.555645093727659,2025-01-19,2025-12-28,676,1.3070673248567606,0.8334308999551633,2.0819756199966752,40
MT,MT_wave_06,NA,case_based_partial_identification,2017-12-10,2017-12-10,0.9716696615831191,0.9630083432209318,0.9790694092942562,25.783603697593517,303.75335703752586,2.62770210755819,2.2774697531803048,3.0317936633071527,0.9661097409090346,0.07298197528388783,YES,2.5538896927089736,2.188833590821075,2.928683038962788,2017-12-17,2019-08-18,13419,3.665110571912772,2.6090741879831874,5.3110364660060085,1213
MT,MT_wave_13,NA,case_based_partial_identification,2023-12-31,2023-12-31,0.9032388530916609,0.8783088836106596,0.9268435774357365,26.82923160739207,253.69808820489953,2.546223188421176,2.2077673893393466,2.9365650369506326,0.934611158673759,0.07277009430591949,YES,2.2937317803581294,1.982235470055419,2.65166554786427,2024-01-07,2024-10-06,19449,4.164370458958377,2.9539918874472675,6.138342002533675,1178
MT,MT_wave_14,NA,case_based_partial_identification,2024-11-24,2024-11-24,0.7648310569256092,0.7045453566892327,0.8234846082397212,25.481513912924065,206.40422932397294,2.3987738275549035,2.128815045238282,2.7029665581484714,0.8749577016119189,0.06091438442945119,YES,1.8364964734648948,1.5866439927253897,2.1228569668823623,2024-12-01,2025-12-28,47331,2.682665377483171,1.8960105261756035,3.93450242144236,3858
RJ,RJ_wave_05,NA,partially_identified_case_only,2016-11-27,2016-11-27,0.994576160172904,0.9933826924184319,0.9955562290993363,27.84497779721084,167.88654910385105,2.3885107967043617,2.029016552295607,2.8116990073436074,0.8706700741241867,0.08322390584435414,YES,2.3764286704713324,2.012316574111251,2.8113870649490513,2016-12-04,2017-10-29,3725,2.8136932364933,1.9813716899667455,4.151052820508581,138
RJ,RJ_wave_06,NA,partially_identified_case_only,2017-12-24,2017-12-24,0.9774591377299062,0.9729667322396793,0.9814357960573413,24.70188091649769,292.33685479259543,2.565181342535171,2.2220693561094125,2.961273599313585,0.9420291749678085,0.07326034227904318,YES,2.5058376356227736,2.166480158085586,2.8944968973893928,2017-12-31,2018-09-09,27994,1.8000551227484034,1.262434719281696,2.655080127082135,1382
RJ,RJ_wave_07,NA,partially_identified_case_only,2018-12-23,2018-12-23,0.8594879389063645,0.8335251025132508,0.8841254909636396,27.078627499229437,147.48885742132035,2.322334667200188,2.0168626134818193,2.674073221660432,0.8425730017446511,0.07195400988780873,YES,1.9870108383895078,1.7154848620214744,2.28704673742448,2018-12-30,2020-12-20,81292,1.5210606445803867,1.0816079289492058,2.225350018678889,5711
RJ,RJ_wave_10,NA,partially_identified_case_only,2023-01-22,2023-01-22,0.5653033319564449,0.5192397874724489,0.6233725082003907,26.397735566125675,295.65046897905734,2.6292650150901844,2.270761166851771,3.044368831250342,0.966704345190012,0.07479043576976828,YES,1.4864281725813084,1.2479049572875367,1.7668733998695676,2023-01-29,2024-10-20,4476,1.159856998096124,0.7748620570879136,1.7668143777172278,197
RJ,RJ_wave_11,NA,partially_identified_case_only,2024-10-27,2024-10-27,0.5551582246481561,0.50793963558536,0.6145938892384732,24.920225001141517,157.5638739048365,2.279560350653608,2.0122218087037003,2.5824167941105785,0.8239825957118145,0.06364444217149991,YES,1.264000529955256,1.0800077923605154,1.4896870265069981,2024-11-03,2025-12-28,1836,1.7280692722759765,1.1966236875019838,2.5846316065683808,92
