uf_code,uf_name,year,<1,1-4,5-9,10-11,12-17,18-19,20-24,25-29,30-34,35-39,40-44,45-49,50-54,55-59,60-64,65-69,70-74,75-79,80-84,85+
11,3,2015,28079,107213,137133,57918,187205,63397,156699,153695,149718,134789,117156,105336,89112,69660,51378,35351,23915,15701,8731,6077
11,3,2016,27470,109034,135035,57445,184376,63311,157074,154341,151644,138162,119952,107454,92069,72801,54052,37206,24863,16202,9077,6343
11,3,2017,27737,109933,134054,56292,181641,63004,157337,155068,152947,141423,123182,109299,94906,76030,56755,39248,25921,16709,9462,6630
11,3,2018,28340,110815,133775,55065,178878,62478,157399,155824,153798,144476,126707,111064,97588,79269,59508,41454,27098,17255,9858,6940
11,3,2019,28232,111665,134420,54352,174160,63320,157176,156490,154448,147220,130275,113045,100080,82429,62332,43766,28431,17871,10251,7262
11,3,2020,28107,111818,135938,53769,170610,62895,156601,156992,155050,149596,133711,115427,102378,85430,65251,46173,29910,18578,10632,7594
11,3,2021,27973,112453,137135,53193,168126,59964,157155,157352,155661,151496,137045,118182,104469,88302,68240,48643,31555,19369,11015,7950
11,3,2022,27811,112689,138287,53209,165856,58114,156129,157601,156358,152775,140268,121363,106297,91063,71315,51147,33360,20248,11412,8340
11,3,2023,27600,112165,139753,53797,163424,57497,153842,157652,157078,153612,143287,124829,108051,93677,74403,53696,35311,21231,11835,8751
11,3,2024,27361,111535,140485,54705,161647,57030,151279,157418,157713,154249,145999,128340,110013,96109,77420,56315,37356,22339,12310,9164
12,3,2015,17364,68056,89829,36943,110241,34150,77186,70477,67562,58985,47564,39590,30927,25017,19213,14017,10305,6619,4070,3550
12,3,2016,16485,68397,87963,37231,110696,35028,79106,71212,68305,60905,49466,41023,32255,25869,20024,14634,10719,6944,4203,3672
12,3,2017,16378,67472,86896,36870,111119,35711,81274,72163,68726,62699,51601,42318,33774,26691,20856,15337,11097,7318,4351,3806
12,3,2018,16919,66989,85208,36543,111402,36177,83539,73352,68978,64307,53854,43591,35405,27537,21702,16090,11481,7719,4526,3946
12,3,2019,16840,66728,84300,36164,110939,36712,85661,74790,69296,65654,56070,45005,37021,28493,22550,16867,11905,8116,4726,4098
12,3,2020,16768,66215,84864,34416,110453,37162,87475,76480,69833,66708,58117,46681,38523,29628,23392,17635,12405,8499,4963,4253
12,3,2021,16708,66506,84343,33339,109543,37236,89173,78398,70580,67465,60030,48564,39942,30926,24222,18407,12977,8864,5227,4426
12,3,2022,16647,66846,83323,33947,107768,36788,90497,80568,71538,67899,61820,50679,41222,32413,25023,19196,13626,9198,5533,4614
12,3,2023,16584,66585,83389,33801,105963,36616,91392,82828,72734,68169,63424,52910,42483,34003,25845,20003,14321,9539,5860,4819
12,3,2024,16516,66341,83061,33580,104511,36907,91590,84953,74171,68499,64772,55106,43879,35582,26774,20810,15036,9914,6179,5054
13,3,2015,83815,324323,399759,151959,481297,160320,370005,344440,325650,285605,232265,190848,154923,121774,90717,63507,44805,29423,17716,14589
13,3,2016,80540,328993,399254,155911,473973,163495,377636,348562,330031,294427,241599,197724,160728,126943,95132,66756,46507,30585,18336,15039
13,3,2017,80167,328679,399915,158690,468857,164111,386576,352971,333328,302629,251669,204653,166712,132154,99654,70384,48243,31866,18985,15569
13,3,2018,81770,326972,400870,159994,467404,162205,395428,357895,336043,310054,262062,211852,172876,137432,104277,74284,50125,33231,19681,16156
13,3,2019,81421,325126,402987,161328,465684,161606,402062,363618,338955,316498,272163,219634,179242,142800,109009,78301,52312,34633,20440,16778
13,3,2020,81033,322783,406968,160221,467508,159645,405227,370216,342570,321898,281555,228157,185820,148290,113860,82333,54887,36050,21274,17419
13,3,2021,80695,323306,408397,157830,471660,155121,407298,377753,346674,326283,290296,237366,192564,153920,118789,86446,57795,37511,22187,18104
13,3,2022,80368,323864,407743,158864,475795,151707,404509,386581,351066,329597,298431,247296,199368,159724,123769,90654,61043,39005,23193,18853
13,3,2023,80011,322497,407663,161622,477508,151750,398934,395317,355966,332335,305805,257545,206439,165706,128811,94968,64529,40628,24261,19665
13,3,2024,79638,321119,405494,164411,478742,155676,392144,401867,361647,335272,312215,267509,214083,171885,133945,99382,68119,42510,25362,20531
14,3,2015,10733,42198,51490,20414,63158,21134,49159,46164,45032,38186,30381,25421,21226,16441,12078,8410,5226,3301,1786,1390
14,3,2016,10854,42649,52265,19909,62994,21676,50625,47303,46088,40091,31902,26328,22008,17277,12744,8939,5574,3447,1872,1422
14,3,2017,11287,43329,52953,20295,62592,21964,53361,50407,48203,42992,34266,27778,23034,18317,13531,9520,6006,3604,1988,1458
14,3,2018,11700,44492,53732,21130,62412,22013,56903,55310,51815,46987,37579,29910,24412,19582,14473,10191,6506,3796,2122,1503
14,3,2019,12056,45744,54614,21680,62667,21966,59600,59768,55632,50842,41007,32196,25920,20829,15470,10886,7040,4025,2259,1560
14,3,2020,12326,47103,55499,21855,63459,21660,60916,63061,59214,54063,44208,34456,27439,21951,16481,11602,7566,4305,2386,1631
14,3,2021,12471,48439,56319,21967,64293,21368,61022,65306,62404,56626,47152,36671,28952,22971,17482,12320,8094,4632,2508,1716
14,3,2022,12514,49392,57306,22199,64647,21713,59760,66645,65072,58464,49847,38822,30397,23910,18477,13041,8615,4995,2635,1816
14,3,2023,12475,49953,58374,22425,65462,21579,58012,66894,66702,59745,52197,40908,31767,24833,19427,13784,9142,5385,2776,1929
14,3,2024,12392,50170,59423,22734,66440,20991,56768,66310,67482,60915,54200,42972,33146,25830,20315,14557,9686,5792,2942,2051
15,3,2015,147415,587334,793031,324783,998326,330665,780667,743184,703546,613695,510589,429138,345775,283769,220050,159555,116592,76069,44509,35883
15,3,2016,142732,584971,778195,324234,990311,334445,788440,746829,712595,631730,527590,442876,358107,292654,229329,166375,120499,79148,46216,37070
15,3,2017,141994,580205,762734,323692,981259,335229,798263,750413,718882,649269,545815,455929,371798,301199,238622,174151,124193,82531,48033,38423
15,3,2018,145363,577017,746554,320541,975052,332992,808431,754403,723191,665645,564792,468914,386325,309874,247827,182595,128025,86076,49975,39905
15,3,2019,144696,575857,735268,315477,969670,328904,816264,759451,726789,679935,583769,482866,400816,319387,256823,191274,132473,89594,52057,41495
15,3,2020,144068,573199,730890,305925,965186,324150,820147,765815,730538,691601,602204,498356,414768,330158,265574,199911,137809,93002,54279,43165
15,3,2021,143462,574574,723935,297843,957623,321381,819458,773692,734309,700687,620096,515141,428236,342126,274087,208561,143950,96329,56667,44967
15,3,2022,142863,576083,718509,293570,944489,320589,813943,783593,738016,707049,637510,533126,441052,355395,282291,217244,150930,99498,59291,46933
15,3,2023,142233,573632,718752,289067,930917,318629,806786,793834,742124,711454,653787,551846,453814,369475,290630,225849,158501,102799,62041,49049
15,3,2024,141551,571213,716995,288164,914074,318183,799734,801769,747276,715163,668004,570577,467518,383526,299770,234276,166276,106617,64772,51313
16,3,2015,16388,63334,80104,32073,100327,32269,76889,72281,66572,57021,47604,37675,29031,22643,16156,10470,7872,5036,3025,2646
16,3,2016,16261,63876,80368,31603,100665,32828,78468,73774,68299,59127,49532,39551,30491,23744,17271,11145,8120,5331,3180,2785
16,3,2017,16059,64807,80169,31793,100105,33258,80095,75211,69836,61321,51407,41504,32060,24815,18402,11986,8314,5668,3331,2943
16,3,2018,15942,65187,80117,31935,99671,33543,81694,76625,71249,63520,53269,43496,33724,25901,19534,12943,8521,6022,3488,3113
16,3,2019,15914,64784,80265,32594,98474,34356,83112,78066,72646,65598,55185,45478,35450,27085,20639,13961,8831,6336,3670,3287
16,3,2020,15869,64310,80576,32928,97792,34734,84256,79556,74096,67485,57193,47417,37231,28388,21721,14985,9294,6598,3877,3467
16,3,2021,15820,63918,80978,32579,97554,34424,85763,81083,75552,69183,59277,49317,39067,29812,22779,16023,9904,6816,4110,3654
16,3,2022,15780,63679,81691,31841,97543,34071,86651,82655,76951,70695,61444,51167,40987,31331,23811,17083,10656,6989,4379,3849
16,3,2023,15744,63514,81945,31663,98025,32991,87286,84203,78328,72083,63614,53006,42938,32952,24855,18140,11518,7172,4660,4052
16,3,2024,15721,63345,81499,32663,97749,32505,87394,85568,79732,73450,65667,54900,44879,34630,25998,19172,12429,7445,4909,4275
17,3,2015,25574,100234,131497,54567,170169,58311,139314,131815,126270,115755,96068,84707,70231,56659,45339,34547,25158,18073,10935,8259
17,3,2016,24507,100330,129164,55039,167922,58714,140662,132785,127564,118684,99375,86673,72718,58684,46974,35958,26063,18577,11460,8595
17,3,2017,24584,99471,127741,54461,165994,58513,142122,133868,128630,121039,103313,88317,75318,60825,48593,37439,27075,19046,12033,8968
17,3,2018,25716,99195,126403,52859,165015,57728,143409,135066,129550,122917,107549,89929,77922,63057,50239,38975,28178,19524,12611,9387
17,3,2019,25641,99792,125475,52123,164039,56209,144130,136343,130427,124529,111552,91952,80356,65362,51972,40532,29350,20094,13138,9850
17,3,2020,25560,99876,125619,51344,162826,54851,144051,137673,131322,126007,114987,94634,82545,67721,53833,42077,30583,20791,13598,10350
17,3,2021,25476,100939,124661,50757,161216,54754,142687,139038,132300,127297,117887,97906,84489,70154,55792,43629,31880,21589,14020,10892
17,3,2022,25373,101840,123886,50698,159310,54675,140652,140517,133387,128358,120222,101797,86122,72698,57859,45168,33240,22483,14411,11487
17,3,2023,25238,101511,124744,50091,157412,54381,138799,141822,134584,129276,122093,105976,87725,75245,60015,46735,34647,23446,14822,12104
17,3,2024,25093,101122,125269,49848,154978,54856,136888,142567,135857,130152,123697,109931,89730,77624,62243,48380,36078,24467,15302,12709
21,3,2015,120084,477482,665960,282341,833977,282394,648513,616321,571148,488079,394542,346160,294177,243143,200374,154940,116667,84255,50544,45143
21,3,2016,117830,471552,646718,281492,826092,285333,652337,612698,578521,503771,407386,352183,301495,249103,205024,159503,118996,86010,52550,46505
21,3,2017,117875,468183,626801,277390,819007,284626,659423,608053,583935,518311,422710,357389,309117,255508,209453,164478,121591,87550,54660,48088
21,3,2018,119616,469328,605783,270088,814857,280283,667534,603716,587200,531431,439652,362873,316754,262263,213872,169641,124524,89031,56753,49856
21,3,2019,118742,470639,593482,259773,815292,268897,673106,601734,588105,542850,456840,370253,323964,269209,218641,174664,127882,90656,58663,51789
21,3,2020,117959,469444,587909,247724,818283,254678,674011,603246,586595,552389,473307,380504,330568,276235,223963,179357,131701,92546,60327,53852
21,3,2021,117144,469702,579928,242980,805636,257656,664661,607787,583542,559971,488936,393242,336599,283425,229756,183817,135913,94677,61813,56077
21,3,2022,116214,469096,576790,238531,785704,268732,647468,615549,579473,565628,503450,408397,341855,290909,235971,188084,140499,97032,63153,58506
21,3,2023,115229,465820,579848,229457,766818,270450,638233,624322,575699,569172,516575,425135,347389,298417,242518,192354,145252,99666,64466,61030
21,3,2024,114199,462428,580462,226744,743315,269813,632846,630580,574247,570385,528039,442120,354757,305526,249253,196940,149895,102655,65894,63519
22,3,2015,48743,192414,259182,111872,365511,122492,287179,279904,262238,241599,202974,186393,165398,138226,114055,90461,66747,49308,28854,24141
22,3,2016,48065,190848,252216,111849,357524,123072,286905,276626,263461,246178,208177,188236,168833,141936,116800,93039,68440,50047,29745,24231
22,3,2017,47870,189277,246907,108682,350976,122600,288006,272445,264911,249185,214815,189540,172067,145884,119531,95588,70557,50471,30963,24351
22,3,2018,48565,189385,241507,104637,344602,121038,289713,268125,266051,251014,222177,190907,175035,149909,122339,98119,72959,50826,32287,24559
22,3,2019,48109,190397,238009,100812,334377,121624,290786,264919,265970,252388,229124,193239,177639,153786,125369,100658,75417,51466,33422,24936
22,3,2020,47662,189823,236899,97511,325377,120281,290434,263560,264157,253728,234938,197055,179878,157366,128689,103233,77791,52578,34243,25494
22,3,2021,47236,189477,234733,96699,318047,113644,291277,263658,261171,255056,239520,202211,181725,160714,132233,105830,80135,54058,34853,26227
22,3,2022,46774,188901,233041,96471,310744,108723,288707,265113,257286,256611,242557,208769,183055,163872,136005,108413,82468,55873,35255,27174
22,3,2023,46228,187169,233912,93993,303016,108379,282363,267164,253260,257860,244440,216034,184446,166782,139852,111065,84795,57920,35621,28220
22,3,2024,45619,185343,234543,91975,295521,108411,275367,268589,250328,257901,245879,222895,186781,169343,143561,113923,87131,60015,36199,29223
23,3,2015,132481,514451,679900,280490,952771,345088,831684,803507,733327,654129,572883,534512,469954,363864,299273,249259,182909,141873,82887,80025
23,3,2016,132145,515934,668505,281389,917890,344936,832912,806070,746110,668540,583432,539599,483695,379692,305989,255523,188889,144458,86528,80598
23,3,2017,130866,518351,658901,278559,888526,338964,836017,805944,758722,682056,596758,543146,495079,398168,313073,260691,196822,145451,91659,81011
23,3,2018,132989,521128,649600,273631,866328,327350,838245,804296,770228,694946,611973,546478,504322,417762,321239,265311,205706,145979,97272,81643
23,3,2019,132182,525849,643033,269207,849143,312506,835224,803135,779221,707765,627560,551502,511947,436154,331495,270254,214007,147663,102023,82988
23,3,2020,131236,525627,643343,263976,835301,299375,824514,803522,784859,720751,642514,559412,518399,451900,344330,276083,220871,151362,105292,85219
23,3,2021,130189,524789,644554,260070,824226,288973,805193,805194,787711,733590,656883,569955,523564,465329,359539,282547,226691,156678,107429,88262
23,3,2022,129000,524178,645761,257635,815043,279203,779668,808722,787889,746265,670383,583206,527241,476509,377243,289354,231571,163616,108432,92193
23,3,2023,127660,520256,650720,254796,803970,275405,750204,811380,786559,757850,683263,598316,530701,485647,396007,297163,235989,171323,109153,96546
23,3,2024,126187,515798,654698,253403,791476,276384,720925,808840,785704,766951,696083,613788,535811,493227,413633,306918,240706,178533,110784,100711
24,3,2015,49516,195340,257170,107177,342028,120572,299216,310193,289919,255189,224912,215328,189809,143617,110681,97582,69200,52992,30749,32624
24,3,2016,48064,195423,252822,107731,335096,120585,297961,309094,295461,262133,228699,217070,196051,151455,113982,99434,72424,54333,32235,32790
24,3,2017,47120,194086,250635,105236,329976,119422,298005,306084,300576,269095,233770,217917,201266,160007,118372,100137,76680,55017,34376,32892
24,3,2018,47917,192680,247866,102765,325951,117081,298542,302056,304789,275919,239860,218515,205473,168732,123787,100373,81298,55544,36769,33093
24,3,2019,47731,191944,245076,102633,321311,114115,298175,298449,307453,282425,246461,219799,208774,176889,130034,101207,85256,56651,38871,33599
24,3,2020,47536,190184,244661,101251,318130,110808,296079,296133,308197,288451,253221,222363,211310,183984,136938,103294,88004,58711,40416,34494
24,3,2021,47323,189675,243302,99219,315681,108490,292227,294941,307148,293966,260115,226131,213068,190081,144479,106465,89744,61580,41519,35749
24,3,2022,47044,189898,241029,98695,312374,107234,286408,295038,304199,299061,267025,231161,213948,195194,152705,110638,90470,65311,42144,37396
24,3,2023,46707,189039,240427,97802,307713,107412,280238,295625,300233,303262,273801,237187,214589,199335,161099,115764,90780,69337,42673,39257
24,3,2024,46354,188031,239513,97061,303335,107959,274330,295308,296692,305927,280259,243720,215897,202601,168953,121670,91635,72784,43668,41086
25,3,2015,58713,214693,302377,129120,411749,140232,343071,333592,321615,296659,259990,241882,210721,167448,140413,120509,89814,70311,40020,39608
25,3,2016,57291,217260,294034,128640,405364,139721,341899,332098,323526,302288,265262,244713,216889,173710,142909,122884,92360,71527,41915,39403
25,3,2017,56814,222225,284421,125558,399743,138698,340811,330610,324757,307002,271845,246669,222454,180928,145763,124574,95884,71869,44599,39213
25,3,2018,58096,227401,275237,121923,394476,137162,339636,329206,325278,310876,279175,248422,227364,188610,149179,125922,99869,71904,47537,39223
25,3,2019,57672,229609,271466,119675,386883,136112,338089,327971,325065,314086,286336,251000,231583,196023,153421,127446,103523,72475,50013,39679
25,3,2020,57228,228612,272351,116661,379778,134377,336002,326968,324118,316726,292722,255016,235156,202693,158602,129497,106400,74019,51693,40658
25,3,2021,56768,228586,273522,113111,373331,131042,333990,326092,322824,318717,298352,260288,238023,208749,164653,131963,108672,76353,52755,42114
25,3,2022,56254,228574,278028,107625,366239,128071,330581,325301,321528,320041,303079,266841,240046,214229,171610,134750,110355,79492,53199,44074
25,3,2023,55671,226769,284499,103151,357392,126974,325751,324420,320312,320660,306981,274122,241872,219086,179008,138059,111741,82999,53443,46293
25,3,2024,55048,224804,286300,106729,345298,126544,320396,323169,319258,320550,310226,281243,244497,223282,186158,142130,113286,86223,54111,48430
26,3,2015,143761,568235,733707,306184,980481,335421,801138,797998,767816,711464,630587,570063,491520,402752,324964,265086,191771,141005,81062,72729
26,3,2016,137679,569411,722988,303397,963099,337709,802912,793284,772679,722846,643026,579825,504904,415988,334031,272091,198425,144390,84853,73831
26,3,2017,135231,562662,718060,298478,945939,336210,808369,786592,776803,732577,657050,588388,517984,429818,344232,278102,206731,146749,89839,75025
26,3,2018,139484,555354,712099,293793,931219,330911,815056,779567,779606,740811,671863,596624,530557,443956,355434,283798,215866,148915,95261,76561
26,3,2019,138303,553045,706341,292094,914595,325602,819051,774829,780180,747911,686170,605874,542335,458013,367366,290235,224585,152096,100111,78781
26,3,2020,137095,547689,707015,286677,903556,317377,817972,773857,778075,754062,699133,616927,553216,471720,379837,298034,232220,156904,103921,81785
26,3,2021,135847,547185,702236,281599,893689,309048,813435,776198,773878,759251,710713,629518,563160,485080,392863,306967,239016,163054,106979,85533
26,3,2022,134507,547871,693165,282934,880905,305488,800726,782179,767695,763698,720653,643653,571922,498151,406458,316920,244965,170554,109307,90092
26,3,2023,133083,542974,690217,282998,869304,302256,785621,789365,761163,766817,729113,658554,580353,510727,420345,327781,250647,178732,111518,95098
26,3,2024,131667,537827,686834,280466,860635,299582,770870,793873,756885,767718,736439,672948,589759,522526,434156,339315,256983,186547,114513,100076
27,3,2015,52495,214110,286257,120911,394480,131604,297809,272144,261553,241041,207419,188233,156628,127944,104780,81002,58304,39601,23173,19734
27,3,2016,51060,211235,279910,119100,385735,133249,301551,271546,261879,245116,211817,191172,161644,131625,107569,83775,60372,40972,24103,20199
27,3,2017,50434,207781,274724,116475,376575,133029,306303,271637,261573,248302,217253,193128,167005,135535,110298,86611,62601,42341,25173,20754
27,3,2018,51280,204524,269021,114267,368238,130933,311057,272561,260852,250650,223240,194724,172337,139692,113078,89469,64960,43764,26331,21401
27,3,2019,50885,202931,264190,112375,359475,128037,314307,274544,260015,252315,228962,196938,177074,144117,116084,92288,67415,45307,27495,22157
27,3,2020,50464,201396,261064,108628,351557,125535,315125,277643,259260,253408,233882,200367,180904,148805,119410,95047,69942,47000,28631,23024
27,3,2021,50033,200864,256875,106207,343666,122896,313459,281692,258913,253893,238035,204806,183892,153752,123006,97755,72533,48840,29766,24012
27,3,2022,49579,200523,252908,105100,336024,118992,309591,286741,259230,253759,241311,210264,185933,159030,126824,100408,75194,50812,30920,25134
27,3,2023,49106,198883,250601,103532,329214,115608,303694,291796,260369,253212,243764,216258,187626,164289,130875,103112,77885,52902,32113,26365
27,3,2024,48612,197162,248720,101994,322272,113911,296169,295365,262555,252545,245549,221994,189921,168976,135185,106027,80539,55083,33402,27656
28,3,2015,34619,136741,178832,72823,239947,85107,202656,199975,189752,170936,148608,135344,112366,88487,70550,54606,38627,26550,16286,13845
28,3,2016,33620,136734,176413,73344,233476,85819,204080,200047,192168,174962,151884,137952,116596,92029,72906,56606,40250,27382,16824,14040
28,3,2017,33464,135911,174585,73178,227772,85039,206414,199556,194277,178698,155821,139894,120862,95881,75293,58594,42053,28213,17475,14286
28,3,2018,34572,135407,172611,72089,224090,82782,208810,198918,195987,182119,160192,141557,124970,99948,77813,60595,43958,29111,18187,14592
28,3,2019,34342,135794,171157,71465,220587,80427,209938,198772,197182,185212,164613,143531,128656,104092,80588,62653,45866,30162,18894,14971
28,3,2020,34107,135535,171195,70094,219146,77104,208998,199476,197810,187963,168830,146169,131783,108213,83690,64803,47714,31403,19576,15423
28,3,2021,33874,136037,170200,69061,217842,74289,206551,200938,197923,190377,172825,149416,134360,112325,87090,67026,49542,32800,20252,15960
28,3,2022,33627,136460,169230,68926,215893,73427,201085,203306,197473,192489,176538,153309,136300,116473,90781,69283,51369,34345,20937,16589
28,3,2023,33352,135533,169837,68280,214072,72912,195136,205729,196879,194210,179942,157629,137967,120471,94684,71664,53211,35978,21674,17287
28,3,2024,33068,134559,169993,68034,211474,73424,189602,206898,196770,195418,183024,162000,139941,124066,98661,74281,55113,37620,22528,18010
29,3,2015,208238,834930,1121187,481429,1544701,532396,1275182,1243347,1275927,1155873,971943,889565,762335,641055,506826,404527,302165,217604,132889,126899
29,3,2016,205974,828161,1099919,469523,1513155,532503,1273827,1227105,1271149,1184217,997368,901458,782099,659618,524254,416048,311963,223924,137828,129591
29,3,2017,205826,821180,1082580,456576,1481037,527470,1274790,1215830,1257080,1209244,1029168,909164,803480,676851,543642,427066,322914,229639,143877,132454
29,3,2018,208814,819029,1062241,448834,1448111,517336,1275636,1208879,1236983,1229213,1064730,916062,824918,693448,564104,438339,334520,235317,150434,135669
29,3,2019,206811,822436,1042741,443652,1417972,502790,1272713,1204870,1215977,1241930,1099767,927407,843958,710570,584237,451038,346014,241769,156708,139498
29,3,2020,204695,821181,1032020,434329,1393213,487239,1263882,1202728,1197342,1246201,1131342,946298,859318,728869,603215,465783,357024,249417,162324,144004
29,3,2021,202383,820061,1023216,424247,1366382,479093,1246323,1202565,1182053,1241976,1159650,971615,871278,748272,621155,482319,367694,258051,167507,149230
29,3,2022,199870,816778,1016300,418236,1337752,473984,1220670,1204692,1171652,1228573,1184702,1003175,879186,769240,637856,500653,377966,267656,172284,155292
29,3,2023,197285,807997,1017337,411426,1309873,465298,1194961,1206699,1165519,1209201,1204778,1038410,886325,790265,653982,519974,388497,277810,177079,161884
29,3,2024,194695,798628,1018939,404086,1287116,453757,1169281,1204975,1162284,1188924,1217701,1073136,897797,808985,670618,539004,400318,287877,182485,168619
31,3,2015,270620,1051082,1340004,578140,1933597,694662,1725473,1732655,1707390,1601861,1419411,1368536,1278663,1108344,888373,674237,490258,360592,228844,196236
31,3,2016,263659,1060511,1320610,567861,1878878,692187,1722431,1727714,1714439,1629244,1443993,1372241,1295656,1138978,923260,703831,509092,370566,238172,206941
31,3,2017,262922,1060885,1313149,552347,1827081,681972,1721920,1721141,1718053,1651429,1477510,1372940,1309970,1167684,958439,734244,530767,379759,248400,218016
31,3,2018,268885,1061525,1308950,538281,1780066,664134,1720105,1713995,1718763,1668776,1516102,1374240,1321616,1194012,993264,765468,554787,389312,258928,229453
31,3,2019,267367,1064959,1311803,530153,1731830,645197,1710955,1707914,1717323,1682416,1553539,1381507,1330563,1217391,1026901,797571,580328,400847,268918,241309
31,3,2020,265577,1061782,1323244,522786,1694094,621968,1690978,1703642,1714315,1693068,1585762,1397853,1337134,1237552,1058733,830481,606872,415261,278023,253541
31,3,2021,263496,1063760,1325719,521326,1659981,599821,1662454,1701059,1709811,1700411,1613236,1422561,1341386,1254739,1088754,863892,634401,432193,286552,266371
31,3,2022,261048,1064385,1325363,525453,1628344,586448,1618963,1700986,1703672,1704338,1635564,1456039,1342689,1269319,1116951,897596,662714,451554,294552,280098
31,3,2023,258273,1056614,1331948,526568,1603308,576001,1570824,1699598,1696958,1705375,1653098,1494501,1344559,1281301,1142884,930982,691799,472926,302897,294276
31,3,2024,255311,1047581,1333858,528750,1586063,565819,1524205,1690891,1691292,1704266,1666955,1531814,1352259,1290649,1165980,963279,721708,495629,312839,308327
32,3,2015,57901,222515,270073,112783,360424,124660,310432,333453,331663,305797,262105,246774,227463,197089,156217,109421,77285,56855,37218,32698
32,3,2016,56487,226212,270713,110942,355509,125417,309896,331014,334893,313330,268943,248919,231366,202925,163760,116280,80686,58561,38716,34807
32,3,2017,56426,227876,272991,108882,350360,124984,311219,327012,337379,319736,277682,250602,234981,208404,170874,123842,84539,60254,40308,36990
32,3,2018,58063,228759,275454,108361,345254,123326,313403,322387,338923,325104,287503,252516,238275,213497,177583,131788,88943,62083,41941,39225
32,3,2019,57862,229887,279013,109154,339411,121947,314823,318559,339203,329697,297095,255705,241175,218188,183955,139690,93997,64256,43534,41499
32,3,2020,57610,229840,283719,109238,336206,119508,314454,316385,338107,333659,305612,260761,243706,222455,190034,147257,99741,66902,45057,43801
32,3,2021,57301,230952,285957,110081,333739,116912,313203,315794,335647,336877,313113,267573,245900,226363,195763,154494,106126,69984,46556,46173
32,3,2022,56926,231816,287509,111722,331427,116081,309235,317041,331631,339350,319496,276254,247637,229987,201152,161333,113157,73453,48051,48665
32,3,2023,56508,230672,289976,113025,330970,114889,304645,319140,326989,340885,324854,285995,249601,233288,206170,167797,120538,77407,49657,51221
32,3,2024,56088,229308,290854,115095,332125,113037,300279,320476,323136,341159,329434,295514,252803,236214,210791,173945,127884,81932,51537,53770
33,3,2015,230664,872760,1058561,443256,1481496,535301,1297370,1331286,1377926,1326285,1188789,1134841,1083645,969183,789600,605272,422792,311663,201795,178653
33,3,2016,223597,889949,1056661,433578,1435092,539606,1304841,1322842,1372268,1342770,1208399,1137618,1090589,988803,816243,630657,440705,318139,207752,187629
33,3,2017,222100,896312,1061337,425438,1390807,533327,1319028,1314648,1362126,1355012,1233795,1140211,1095403,1005831,843353,655038,462611,323750,214831,196507
33,3,2018,228350,899468,1068887,421528,1351671,516508,1333779,1308265,1349485,1362722,1261965,1144477,1098783,1020271,870011,678920,487116,330000,222387,205367
33,3,2019,226391,903565,1081738,420438,1320822,495045,1339549,1305781,1337321,1365965,1288175,1153110,1101674,1032271,894818,703252,512146,338980,229521,214381
33,3,2020,224282,899362,1101069,420371,1301641,471270,1330666,1308060,1327667,1364964,1309321,1167534,1104866,1042020,916943,728494,536424,351778,235872,223585
33,3,2021,221905,900100,1111252,422402,1287224,453820,1307080,1315413,1319445,1359675,1326041,1187361,1108256,1049595,936553,754258,560121,367920,241711,233217
33,3,2022,219274,899959,1116185,428320,1273658,448194,1266598,1329432,1311456,1349921,1338558,1212863,1111449,1055086,953710,780461,582972,387412,246943,243614
33,3,2023,216514,890945,1125646,433849,1266529,442979,1221358,1344007,1305254,1337673,1346575,1241089,1116260,1059166,968391,806249,605423,409086,252726,254354
33,3,2024,213763,881126,1127852,440926,1268529,433366,1181556,1349637,1302918,1325882,1350154,1267361,1125324,1062748,980728,830310,628314,431214,260667,264902
35,3,2015,624536,2419789,2965962,1222821,3910760,1362680,3422740,3779508,3871426,3584868,3188319,2969191,2720504,2377238,1908918,1441004,1000574,725535,461452,398479
35,3,2016,614686,2445984,2961456,1212815,3839095,1370625,3409406,3733167,3886229,3653533,3248192,2998883,2761663,2437302,1982583,1509111,1048644,746834,478993,421104
35,3,2017,604949,2454899,2976031,1190518,3776898,1362965,3421271,3670693,3885538,3719044,3319418,3026069,2800713,2491800,2057463,1576108,1105574,766399,499510,443743
35,3,2018,610238,2453779,2991677,1178235,3718935,1339278,3444987,3603105,3870857,3777409,3397581,3055073,2837660,2541542,2131564,1642778,1168609,787462,521489,466678
35,3,2019,606598,2453555,3009786,1179519,3651313,1322431,3458597,3546685,3844758,3823504,3475713,3092380,2872236,2588005,2201933,1710711,1233506,814670,542741,490408
35,3,2020,602620,2435741,3042098,1181311,3612787,1290702,3448513,3511090,3809963,3854180,3548754,3141667,2904703,2632224,2266765,1780635,1297671,850465,562367,515077
35,3,2021,598256,2423780,3058542,1187217,3590467,1246665,3429921,3496503,3763557,3869470,3617789,3201967,2935322,2674059,2326367,1851855,1361395,893859,580946,541195
35,3,2022,593254,2417168,3057837,1200808,3570079,1230275,3374722,3506974,3701048,3869319,3683675,3273423,2963428,2713763,2380621,1924245,1424192,944807,598292,569498
35,3,2023,587690,2400276,3062089,1208666,3555085,1228795,3304235,3529227,3633386,3855209,3742428,3351686,2993282,2751343,2430281,1995899,1486762,1000959,616948,599042
35,3,2024,582051,2381446,3058324,1213474,3558280,1218731,3240326,3541389,3576820,3829700,3788967,3429882,3031239,2786553,2476723,2064029,1550543,1058711,640551,628556
41,3,2015,160481,611709,754058,311896,1042691,373929,932436,901273,880512,838935,787513,762760,692247,580356,471059,358395,256306,179166,109144,84196
41,3,2016,157515,621462,748114,312237,1011831,371580,932833,905163,883521,847329,793281,766858,706766,598925,487758,374104,267388,185816,114147,89575
41,3,2017,157110,628166,747575,305920,986436,365616,931985,910022,885149,855215,801229,768542,719677,618092,504048,390195,279734,192349,119662,95205
41,3,2018,159465,631671,751415,299068,965440,356203,928739,915101,886184,862287,810661,769167,730717,637173,520296,406516,293096,199182,125482,101074
41,3,2019,158598,632986,759297,298036,941073,348965,921453,919205,887877,868172,820311,770805,739561,655139,537083,422886,307078,206907,131324,107201
41,3,2020,157623,631158,769841,298201,924003,338290,909312,921471,890938,872659,829354,774743,746135,671299,554705,439203,321432,215843,137065,113565
41,3,2021,156592,631312,776683,298611,913742,323249,895868,922121,895055,875851,837906,780736,750501,685802,572946,455366,336170,225881,142785,120307
41,3,2022,155394,630842,783031,299494,907456,312708,874071,921526,900129,877669,845944,788870,752496,698745,591768,471158,351291,237010,148462,127597
41,3,2023,153997,626820,788944,302419,900584,309795,847968,918538,905411,878897,853177,798451,753453,709867,610502,486931,366649,249018,154420,135270
41,3,2024,152502,622268,789446,309796,894852,310184,821612,911532,909716,880772,859227,808244,755392,718852,628172,503224,382065,261581,161101,143139
42,3,2015,95262,361182,436411,180787,595052,222030,572460,597412,591686,527842,482544,471723,444270,365156,290400,213221,144149,100447,60731,49541
42,3,2016,96029,369167,437029,181301,578517,220910,571173,598881,600640,542414,489027,473770,452967,380064,302938,225335,152424,104521,63981,52970
42,3,2017,96183,375853,441971,178046,566143,217061,570551,599032,606417,558449,497465,475229,459111,395926,315035,237675,161958,108455,67622,56567
42,3,2018,97502,381869,447769,175647,556516,210575,569290,598223,609764,574669,507749,476840,463242,411662,327108,250129,172451,112676,71466,60347
42,3,2019,97361,387384,454448,176444,548636,202734,565292,596886,612024,589215,519611,479625,466288,425622,339864,262538,183418,117807,75249,64342
42,3,2020,97135,389453,464458,177248,545366,193877,557407,595243,614073,600893,532760,484233,468928,436808,353631,274850,194547,124172,78871,68549
42,3,2021,96792,390531,473076,179273,544826,187228,545483,593622,615307,609703,547208,490682,471064,445477,368229,286959,205900,131654,82409,73050
42,3,2022,96281,391113,479786,183387,543594,185879,528844,592659,615220,615353,563103,499061,472614,451652,383752,298659,217481,140230,85865,77947
42,3,2023,95631,389863,486991,186166,543010,187836,511400,591049,614174,618584,579181,509262,474304,455858,399149,310355,229184,149641,89576,83108
42,3,2024,94930,388104,492240,188698,545374,188235,497261,586707,612599,620729,593593,521020,477137,459001,412826,322702,240860,159482,94032,88359
43,3,2015,145787,554119,677636,298347,987197,352479,877443,867679,888755,804478,741792,754186,761400,676169,561387,435430,308725,220736,142433,119599
43,3,2016,144851,564679,667723,292015,959956,350579,876758,863295,888342,820451,745653,745871,761945,691621,578828,453482,322528,227352,147358,126660
43,3,2017,141826,571020,668648,278494,935870,345576,875828,861886,881035,838398,753285,737669,758131,706776,595758,471051,338365,233960,152674,133943
43,3,2018,141943,572628,674410,267898,910481,337509,873382,862556,869690,855723,764161,730846,751191,720334,612222,488261,355550,241187,158256,141377
43,3,2019,141161,572339,682328,264714,878320,332179,867605,863567,859032,868631,777333,727062,743078,730321,628375,505396,373055,249929,163915,148899
43,3,2020,140286,567772,695260,263137,854255,320371,857443,863706,852038,874866,791926,727364,735190,735652,644179,522572,390263,260635,169594,156464
43,3,2021,139283,563263,704971,263989,836435,302955,846967,863302,848007,874753,808047,731505,727445,736685,659549,539533,407210,273092,175369,164270
43,3,2022,138033,560771,708380,269641,818050,295791,825698,862655,846929,867786,826119,739358,719788,733475,674637,556033,423760,287295,181178,172529
43,3,2023,136540,556915,710196,274710,802326,294637,799735,860488,847909,856801,843572,750406,713469,727218,688192,572100,440024,302658,187509,181100
43,3,2024,134969,552342,709221,278513,795919,288403,776318,855000,849227,846491,856637,763717,710118,719803,698303,587889,456238,318320,195071,189786
50,3,2015,44394,170596,202598,83576,257650,91071,228593,223376,220840,203313,182907,168676,153227,124703,97827,71883,52143,36818,22063,17674
50,3,2016,43520,173418,203452,82923,254158,90672,228706,224447,222386,207439,186235,170803,156497,129553,101920,75314,54101,38152,23159,18599
50,3,2017,43403,174453,206912,80554,251378,89662,228497,225872,223031,211529,189950,172972,159071,134659,105932,79024,56251,39422,24373,19589
50,3,2018,44156,175144,209807,79646,248832,88079,227825,227390,223154,215350,193953,175287,161172,139736,109956,82928,58621,40707,25637,20643
50,3,2019,43988,175782,212344,81593,246328,85449,226483,228578,223385,218534,198087,177884,163138,144359,114165,86890,61241,42117,26870,21771
50,3,2020,43808,175379,216099,82401,245826,82508,224389,229143,224095,220896,202223,180834,165221,148250,118658,90812,64144,43704,28029,22975
50,3,2021,43581,175669,218034,82992,245931,81851,220692,229254,225158,222440,206331,184156,167360,151492,123364,94709,67305,45458,29145,24266
50,3,2022,43280,175844,218939,84847,245178,82915,215859,229045,226573,223087,210410,187850,169545,154058,128316,98536,70722,47370,30224,25681
50,3,2023,42949,174974,220364,85980,245352,83443,211912,228372,228079,223218,214212,191834,171866,156170,133243,102377,74318,49474,31320,27167
50,3,2024,42654,173934,220819,87002,247110,82792,209157,227035,229253,223448,217392,195944,174466,158151,137736,106394,77965,51794,32518,28674
51,3,2015,57861,210435,267730,110043,328909,114891,289534,293864,289892,268115,236118,212076,181913,144965,108345,77249,53229,35164,19798,14409
51,3,2016,55654,217838,262805,111629,325588,114675,289134,294204,292272,273189,241494,216118,187455,151241,113842,81226,55701,36694,20950,15270
51,3,2017,55486,222653,260762,108840,324787,113801,288948,294281,293787,277866,247531,219766,192743,157538,119513,85471,58390,38213,22221,16194
51,3,2018,57360,225340,261258,105758,324583,112287,288663,294147,294665,282061,253892,223344,197739,163761,125334,89968,61309,39796,23542,17191
51,3,2019,57118,226953,263809,106064,324040,109257,287782,293845,295241,285720,260013,227356,202413,169764,131269,94714,64465,41533,24844,18266
51,3,2020,56917,226213,269338,106082,324028,105998,286015,293399,295743,288797,265548,232085,206765,175476,137271,99697,67859,43484,26085,19420
51,3,2021,56703,227470,274517,103362,324547,105248,282125,292947,296064,291182,270608,237441,210796,180918,143324,104883,71490,45635,27310,20664
51,3,2022,56399,228680,279147,101890,323076,106729,277113,292706,296120,292715,275273,243449,214445,186121,149405,110229,75364,47974,28538,22027
51,3,2023,56028,227718,283687,104222,317895,109718,272699,292363,295970,293610,279468,249768,218029,191041,155418,115729,79470,50505,29826,23466
51,3,2024,55669,226627,285044,109112,313379,111304,270041,291426,295651,294208,283128,255857,222032,195657,161230,121338,83803,53242,31232,24939
52,3,2015,102056,395191,483449,199442,635701,223836,565721,590675,583491,548627,483141,435808,372303,301277,234432,174519,123533,86039,49189,37098
52,3,2016,99669,403728,486702,198498,627706,224862,567692,593022,590055,559641,495515,445341,384641,313327,244501,182610,128634,89118,51889,38979
52,3,2017,99148,408686,492760,196400,620108,223928,571188,593442,595923,569119,509590,453760,396889,325543,254852,190973,134385,91938,54881,40991
52,3,2018,101663,412269,499051,195119,613946,221016,574910,592792,601032,577318,524410,461847,408783,337845,265481,199599,140701,94759,57960,43154
52,3,2019,101525,414753,508150,196253,610256,214876,576775,592333,605247,584735,538463,470858,419935,350082,276430,208494,147405,97971,60858,45505
52,3,2020,101293,414032,519442,197639,606354,211198,575533,592785,608557,591703,550774,481491,430156,362168,287692,217638,154407,101787,63458,48036
52,3,2021,100949,415456,525211,201369,603248,211603,569037,594271,610561,598031,561566,493635,439469,374109,299201,227049,161693,106147,65857,50785
52,3,2022,100503,417051,529274,205416,602220,209971,562288,597255,610666,603664,570850,507454,447699,385975,310871,236732,169237,111057,68096,53804
52,3,2023,100001,415697,534988,207172,604791,207876,555204,600468,609705,608556,578867,522004,455616,397502,322634,246678,177029,116440,70365,56965
52,3,2024,99469,413978,536957,211345,608747,206786,547773,601836,608935,612560,586121,535794,464446,408319,334344,256931,185069,122156,72940,60115
53,3,2015,43798,155315,200374,88404,278061,95460,242200,261633,277430,258695,216159,188832,156318,120902,92825,66780,44394,31082,16968,13003
53,3,2016,42989,158123,193884,88496,278121,96341,243616,259199,277123,265426,223979,193799,162580,126675,97270,70889,47074,32571,18323,13746
53,3,2017,42707,160455,189087,86396,278078,97003,245919,256798,275323,271176,232933,198255,168766,132852,101705,75063,50228,33834,19949,14530
53,3,2018,43525,161969,186527,82784,277700,97394,248665,254833,272544,275661,242384,202732,174772,139286,106246,79277,53752,35072,21680,15406
53,3,2019,43400,162883,186592,79989,273935,98884,251145,253802,269546,278595,251319,208065,180453,145731,111087,83508,57442,36605,23300,16437
53,3,2020,43257,162663,188932,77628,269430,99264,252866,254016,266884,279823,259076,214700,185764,152022,116331,87758,61182,38595,24705,17650
53,3,2021,43110,163107,191098,75838,264239,97765,255292,255245,264391,279496,265760,222474,190705,158191,121960,92017,64995,40994,25944,19046
53,3,2022,42922,163683,193325,74976,258202,96800,256281,257347,261933,277680,271478,231358,195146,164291,127975,96270,68874,43801,27020,20652
53,3,2023,42674,163253,195824,75291,251365,96522,256329,259893,259907,274890,275933,240741,199606,170216,134240,100626,72792,46925,28091,22384
53,3,2024,42388,162701,196785,77357,244382,96473,255692,262175,258804,271878,278852,249607,204913,175825,140512,105270,76734,50191,29403,24128
