muni6,name_muni,R_2025,median_A,lo95_A,hi95_A
290010,Abaíra,4.050222762251924e-4,0.002984999347353577,0.00155251791558603,0.00582659292451032
290020,Abaré,0.00164212600580217,0.012102408542256186,0.006294542777790609,0.02362339142363989
290030,Acajutiba,5.633802816901409e-4,0.004152092049924496,0.002159530554130652,0.008104708693304777
290035,Adustina,1.3783597518952445e-4,0.001015846090780976,5.283482747873062e-4,0.0019828887568044077
290040,Água Fria,2.0225173599406729e-4,0.001490587889560301,7.752646262216492e-4,0.0029095647402311024
290050,Érico Cardoso,0.00100484150908924,0.007405645133349331,0.0038517250451631166,0.014455507192543572
290060,Aiquara,8.727907484180668e-4,0.006432435861763893,0.0033455524622141896,0.012555843709898304
290070,Alagoinhas,7.630462294349736e-4,0.005623622774757225,0.0029248834228552487,0.010977074651143736
290080,Alcobaça,0.00562478028202023,0.04145442474749817,0.021560720660747407,0.08091729002807313
290090,Almadina,0.00490936555891238,0.036181844430516474,0.018818416743415684,0.07062543545997262
290100,Amargosa,0.00261759751198652,0.019291597829472935,0.010033687704853498,0.037656385926971944
290110,Amélia Rodrigues,3.2219089810712846e-4,0.0023745351231948385,0.0012350114324871228,0.00463499248670672
290115,América Dourada,0.00430259440020549,0.031709963205578603,0.016492561722963487,0.06189651177442006
290120,Anagé,7.478033277248083e-5,5.511283147217035e-4,2.8664548390965847e-4,0.0010757792432690956
290130,Andaraí,0.00730897009966777,0.05386684204304036,0.02801650104279134,0.10514580547294067
290135,Andorinha,1.9366083532373635e-4,0.0014272732661447254,7.423342715606302e-4,0.002785977263691688
290140,Angical,1.410636196924813e-4,0.0010396337125992356,5.40720374323869e-4,0.002029321192074479
290150,Anguera,0.00165361183637946,0.012187058693098659,0.0063385698814670335,0.023788624950539912
290160,Antas,0.00106780565936999,0.007869688615713775,0.0040930771314275395,0.015361300513204399
290170,Antônio Cardoso,0.00147851800313097,0.010896623552484858,0.0056674060246035855,0.021269749940900168
290180,Antônio Gonçalves,9.779516358463726e-4,0.007207467752024875,0.0037486516775783233,0.014068673296299412
290190,Aporá,0,0,0,0
290195,Apuarema,0.0070412617941135,0.05189384163227698,0.02699033047163713,0.101294591822391
290200,Aracatu,6.925207756232688e-5,5.103852762199433e-4,2.6545475994334543e-4,9.96250549211633e-4
290205,Araçás,3.346440224211495e-4,0.002466314193463057,0.001282746334336788,0.004814141363880526
290210,Araci,8.547348334260953e-4,0.0062993644293251015,0.003276341129522582,0.012296093882016522
290225,Arataca,2.875491229751749e-4,0.0021192265087556735,0.0011022237324590936,0.00413664083119409
290230,Aratuípe,6.671855887912822e-4,0.004917133362803946,0.002557433604080001,0.009598037093705759
290240,Aurelino Leal,8.819119851838787e-5,6.499659042786825e-4,3.380515683554024e-4,0.0012687060526162784
290250,Baianópolis,7.073136228603763e-5,5.212875504750305e-4,2.7112510493576943e-4,0.0010175313290858665
290260,Baixa Grande,0.00101996993772815,0.007517141098545388,0.003909714834553155,0.014673142617656395
290265,Banzaê,0.00138346354166666,0.010196075651568284,0.005303046425040049,0.01990230996260339
290270,Barra,0.00121173707169755,0.008930457855039682,0.004644790233079003,0.017431877362701586
290280,Barra da Estiva,3.964964135097142e-4,0.0029221640512841363,0.0015198368622499727,0.0057039410747495144
290290,Barra do Choça,3.110339286177134e-4,0.002292308666529944,0.0011922449081927088,0.004474489908695777
290300,Barra do Mendes,6.260434056761269e-4,0.004613916979517517,0.0023997287564160525,0.009006171492455747
290310,Barra do Rocha,0.00322143099355713,0.023741828481468854,0.012348282119032904,0.04634304860659596
290320,Barreiras,0.02564177260915669,0.1889789253487009,0.09828918975549118,0.3688788978444884
290323,Barro Alto,2.873150409423933e-4,0.0021175013327441403,0.0011013264569981057,0.004133273360326383
290327,Barrocas,3.8022813688212925e-4,0.0028022674481429583,0.001457477845468406,0.005469907958409117
290330,Barro Preto,0.02526954177897574,0.18623559775815315,0.09686236692002799,0.36352403800411
290340,Belmonte,0.01870706873873435,0.13787041171279468,0.07170731357214656,0.2691172331736998
290350,Belo Campo,5.767012687427913e-4,0.004250267236802757,0.002210592118559347,0.008296342520539781
290360,Biritinga,0.01659937191565724,0.12233676329241418,0.06362816022545112,0.23879620611610186
290370,Boa Nova,0.00114220445459737,0.0084180050126967,0.004378260118311705,0.016431591011554475
290380,Boa Vista do Tupim,4.634457189201715e-4,0.0034155779810524766,0.0017764647125857527,0.006667064270937773
290390,Bom Jesus da Lapa,0.00492260331658583,0.03627940621991717,0.018869159275756768,0.07081587196118279
290395,Bom Jesus da Serra,0,0,0,0
290400,Boninal,0,0,0,0
290405,Bonito,0.00103500761035007,0.007627968195218932,0.003967356740997995,0.01488947243960245
290410,Boquira,0.00813871196036801,0.05998200917840324,0.031197039940687853,0.11708235400005929
290420,Botuporã,4.3756016452262185e-4,0.0032248023928485086,0.0016772410665887407,0.006294678362919393
290430,Brejões,4.5372050816696913e-4,0.0033439035338548007,0.0017391863582495043,0.0065271587706969055
290440,Brejolândia,7.476236249065471e-4,0.0055099587440256195,0.0028657660082316945,0.010755207253477717
290450,Brotas de Macaúbas,0.01100164203612479,0.08108169902089828,0.04217112826764987,0.15826805933518395
290460,Brumado,0.02635542168674699,0.19423849292286097,0.10102472565916173,0.37914535208701755
290470,Buerarema,0.00936454849498327,0.06901637955894559,0.03589587576598439,0.13471706423319302
290475,Buritirama,0.0019781415360269,0.014578830698018835,0.00758254633021493,0.028457263103933456
290480,Caatiba,0.00277415143603133,0.02044539451802735,0.01063378499851377,0.03990854843676102
290485,Cabaceiras do Paraguaçu,2.93703007518797e-4,0.002164580412539938,0.0011258125979740096,0.004225169739960051
290490,Cachoeira,1.311561413863204e-4,9.666159602093227e-4,5.027433580670087e-4,0.0018867936167113884
290500,Caculé,0.01584166917099557,0.11675252180480383,0.0607237592706703,0.22789600207776134
290510,Caém,0.00186341190720208,0.01373327753399041,0.00714276853364743,0.026806778963227293
290515,Caetanos,0,0,0,0
290520,Caetité,2.740727206285401e-4,0.0020199059168507167,0.001050566435295608,0.0039427712216195815
290530,Cafarnaum,0.00110760369939635,0.00816299871364672,0.004245629654518345,0.015933829462940582
290540,Cairu,4.8444396598126816e-4,0.003570334293117872,0.0018569544946838827,0.006969142069950684
290550,Caldeirão Grande,0.00110318452599838,0.008130429567495736,0.004228690226059316,0.015870255862266626
290560,Camacan,0.00289081609962197,0.02130520881743557,0.011080980105973937,0.04158686971269908
290570,Camaçari,0.00620577298561106,0.045736319702015596,0.02378776256460559,0.08927536852065528
290580,Camamu,0.00132517195683725,0.00976646880551113,0.005079605061224186,0.01906373550469705
290590,Campo Alegre de Lourdes,0.01184615384615384,0.0873057201420662,0.04540828284397026,0.17041708625498922
290600,Campo Formoso,0.00451326019810416,0.03326256242332536,0.017300078851372153,0.06492712001383016
290610,Canápolis,0,0,0,0
290620,Canarana,9.997200783780542e-4,0.007367900376510559,0.003832093747332655,0.014381831017930962
290630,Canavieiras,7.8506629448709e-4,0.0057859098480062664,0.003009290003684331,0.011293852178606404
290640,Candeal,5.037783375314861e-4,0.003712827903584877,0.0019310663645248907,0.007247283592249865
290650,Candeias,0.03339834878563604,0.2461446077903646,0.12802143952166575,0.4804639007473208
290660,Candiba,7.453230975627934e-4,0.005493003941727644,0.0028569477033479223,0.010722112193944979
290670,Cândido Sales,0.01503645774302013,0.11081814306052964,0.057637249611454854,0.2163123448707982
290680,Cansanção,0.0403020767778477,0.29702483033792787,0.15448457999910975,0.5797799508348946
290682,Canudos,0,0,0,0
290685,Capela do Alto Alegre,5.437245129134571e-4,0.004007229753665236,0.0020841867151328904,0.007821943596166368
290687,Capim Grosso,7.901346050737929e-4,0.005823263111472401,0.003028717683220741,0.01136676417465495
290689,Caraíbas,3.899015498586606e-4,0.002873560147622957,0.0014945576502902456,0.005609068303193674
290690,Caravelas,0.01412270856715301,0.10408384508801094,0.05413469666768313,0.20316727904255635
290700,Cardeal da Silva,0,0,0,0
290710,Carinhanha,0.00772035875028746,0.05689876133659961,0.02959342233291988,0.11106398415502335
290720,Casa Nova,6.567626853712679e-5,4.840316946195361e-4,2.517480877423065e-4,9.448094685880902e-4
290730,Castro Alves,0.00965842167255594,0.07118221411855241,0.03702234065414796,0.13894468201537216
290740,Catolândia,0.00140173815531258,0.010330758885079817,0.005373096066136652,0.020165205958250495
290750,Catu,0.01099602865752659,0.0810403286261431,0.042149611251544254,0.15818730606815948
290755,Caturama,5.489679402722881e-4,0.0040458736213306885,0.0021042856464547144,0.007897374797220016
290760,Central,0.00771650739003977,0.05687037695257776,0.029578659426939394,0.11100857903366045
290770,Chorrochó,0.00182932406475807,0.013482051383181145,0.007012104149971469,0.02631639610466654
290780,Cícero Dantas,6.19348445435402e-5,4.564575367655135e-4,2.3740658575386524e-4,8.909858745581557e-4
290790,Cipó,0.00128671328671328,0.009483029814722611,0.004932186566287184,0.01851047454009319
290800,Coaraci,0.01002449165574984,0.07388013649236272,0.0384255479358897,0.14421091278626255
290810,Cocos,0.01102441479989932,0.08124953345617417,0.04225842006818212,0.15859566507953182
290820,Conceição da Feira,6.502856612011705e-4,0.004792581515194563,0.0024926533638416418,0.009354917136356715
290830,Conceição do Almeida,0.00780959464484938,0.05755642661247136,0.029935478395396058,0.11234771905650254
290840,Conceição do Coité,0.00808647923911677,0.05959705593509382,0.030996823211183144,0.11633094149280947
290850,Conceição do Jacuípe,3.721226941683058e-4,0.0027425306320935554,0.001426408332096824,0.005353304211063307
290860,Conde,2.044153720359771e-4,0.0015065338079754663,7.835582039210768e-4,0.0029406905009435776
290870,Condeúba,0.01280810610804349,0.09439527309378926,0.04909560625353955,0.18425559483056844
290880,Contendas do Sincorá,0.00155590131140253,0.011466935701336238,0.005964029147604642,0.02238297521989589
290890,Coração de Maria,0.0043297662630245,0.0319102188397552,0.016596716003610765,0.06228740233264452
290900,Cordeiros,0.00903458957150232,0.06658459437314385,0.034631088197048715,0.1299703220370571
290910,Coribe,0.00103712922630159,0.007643604427106337,0.003975489248684796,0.014919993705264345
290920,Coronel João Sá,0.00613706102966246,0.04522991510231423,0.02352437818086407,0.08828688808424398
290930,Correntina,1.751006828926633e-4,0.001290485622240585,6.711901126916315e-4,0.0025189735476476944
290940,Cotegipe,0.02369457030379558,0.17462811564796088,0.09082523865502698,0.34086672211739555
290950,Cravolândia,0.00111333778668448,0.008205258727027365,0.004267609367158659,0.01601631922802937
290960,Crisópolis,4.91497100167109e-5,3.622315633842515e-4,1.8839903340125367e-4,7.070607456313761e-4
290970,Cristópolis,0.00501752697779916,0.036978990127772796,0.01923301749614951,0.07218143026565167
290980,Cruz das Almas,0.00713766857215046,0.05260435605682379,0.027359873726100215,0.10268148603477914
290990,Curaçá,6.089628255875107e-4,0.004488033729608093,0.0023342560450300876,0.008760452693928406
291000,Dário Meira,0.0288583318255835,0.21268484901108176,0.1106187975404947,0.4151518617574179
291005,Dias d'Ávila,7.437314067148321e-4,0.005481273238452175,0.0028508464869393705,0.010699214355536748
291010,Dom Basílio,0.00145997242274312,0.010759943304005768,0.005596317722805909,0.02100295585619974
291020,Dom Macedo Costa,6.510416666666666e-4,0.004798153247796862,0.0024955512588423876,0.009365792923578113
291030,Elísio Medrado,6.196554715578138e-4,0.004566838138936659,0.002375242739857422,0.00891427557975956
291040,Encruzilhada,0.00113110539845758,0.008336205375298255,0.004335715585542504,0.016271921566763523
291050,Entre Rios,0.00774630233141138,0.057089964579652486,0.029692868405034073,0.11143720482728346
291060,Esplanada,9.074144542341128e-4,0.006687611306006363,0.0034782708995415835,0.013053935422799383
291070,Euclides da Cunha,1.6983695652173913e-4,0.0012516921515991816,6.510133718719271e-4,0.002443250327889942
291072,Eunápolis,0.02351590441656273,0.17331135460026015,0.09014038251966011,0.3382964600466163
291075,Fátima,1.6233766233766234e-4,0.0011964226280220748,6.222673268801797e-4,0.002335366547177919
291077,Feira da Mata,0.01149031040987823,0.08468316704463563,0.04404427562167512,0.1652979731351861
291080,Feira de Santana,0.00875900037227265,0.06455351206452317,0.03357470884642706,0.1260057349697268
291085,Filadélfia,5.902237484573697e-4,0.004349927417222503,0.0022624260379568053,0.008490874992583343
291090,Firmino Alves,6.008411776487082e-4,0.00442817748164389,0.0023031244143292056,0.008643615820518315
291100,Floresta Azul,0.02068965517241379,0.15248200114377888,0.07930689793617739,0.29763843994377887
291110,Formosa do Rio Preto,3.990278231218486e-4,0.0029408204474471577,0.0015295401773642756,0.005740357573793877
291120,Gandu,0.00831106281753839,0.06125222868574552,0.03185768951289768,0.11956176894553225
291125,Gavião,6.683002895967921e-4,0.004925348666929816,0.0025617064381255788,0.009614073021128969
291130,Gentio do Ouro,0.00700603050727208,0.05163418833812188,0.026855283074935312,0.10078775953517756
291140,Glória,0.00155212019618799,0.01143906902063694,0.005949535502548428,0.02232858063360023
291150,Gongogi,0.00912575287461215,0.06725646457944859,0.034980532337852754,0.13128178436408078
291160,Governador Mangabeira,0.001732777595654,0.012770507440584007,0.006642025436356956,0.02492749231643279
291165,Guajeru,0.00856059679589091,0.0630912849704193,0.0328141948576169,0.12315152930697301
291170,Guanambi,0.00820426150949854,0.06046510695563552,0.03144830229181629,0.118025340501267
291180,Guaratinga,0.00103023746973677,0.007592812433540359,0.003949071996684584,0.014820849874430454
291185,Heliópolis,0,0,0,0
291190,Iaçu,2.370136282836263e-4,0.0017467817630533629,9.085127553423442e-4,0.0034096443841080733
291200,Ibiassucê,0,0,0,0
291210,Ibicaraí,0.00488003253355022,0.03596566110752001,0.01870597836640214,0.07020345472443744
291220,Ibicoara,3.207037155816191e-4,0.0023635746424296453,0.0012293108139035762,0.004613598090177847
291230,Ibicuí,0.00701065619742007,0.05166827950515965,0.02687301411653045,0.1008543040564776
291240,Ibipeba,7.587253414264037e-4,0.005591777988327756,0.0029083207386812653,0.010914914970118346
291250,Ibipitanga,0.01585527694349375,0.11685281058991603,0.06077592013152847,0.22809176155967226
291260,Ibiquera,0.00756587529350378,0.055760223915957044,0.029001261485487942,0.10884160709310285
291270,Ibirapitanga,7.430248541813723e-4,0.005476065972148442,0.0028481381532725844,0.010689049991169878
291280,Ibirapuã,0.13165537270087124,0.9702952767200129,0.5046569949343074,1.8939754874770311
291290,Ibirataia,4.128606079372452e-4,0.003042767565099234,0.0015825635479514509,0.005939354050932955
291300,Ibitiara,0.01003388929496976,0.07394939674935294,0.0384615706539217,0.14434610588896352
291310,Ibititá,0.00114174801621282,0.00841464107851341,0.004376510513880118,0.01642502475380026
291320,Ibotirama,0.01410381271868124,0.10394458337657717,0.05406226572991833,0.20289544605096305
291330,Ichu,0.00342252644679527,0.025223894609451084,0.013119114520659917,0.04923597922737267
291340,Igaporã,2.489265044495613e-4,0.0018345792242494196,9.541767959628871e-4,0.003581021328176235
291345,Igrapiúna,7.406858751203614e-5,5.458827782102052e-4,2.8391724565453725e-4,0.001065540177069549
291350,Iguaí,6.892432109543721e-4,0.005079697230585844,0.0026419841475774763,0.009915354912431177
291360,Ilhéus,0.00982294381677936,0.07239473629809562,0.037652981464322735,0.14131147420861057
291370,Inhambupe,9.889799378355467e-4,0.007288745933923688,0.0037909249978911206,0.014227324881931598
291380,Ipecaetá,0.01041666666666666,0.07677045196474974,0.03992882014147817,0.1498526867772497
291390,Ipiaú,0.00530297673760871,0.03908274440685841,0.020327194019560423,0.07628786995660032
291400,Ipirá,1.8574178514741145e-4,0.001368910156272598,7.119792318631756e-4,0.0026720549329096585
291410,Ipupiara,0.0055077785293265,0.040592126113741474,0.02111223343455102,0.07923411943618804
291420,Irajuba,0.01428112965340179,0.10525140269364922,0.05474195110538986,0.20544630228254518
291430,Iramaia,0,0,0,0
291440,Iraquara,0.00350340273023799,0.025819949857431253,0.013429126799888292,0.05039945395093586
291450,Irará,0.00219802515893412,0.01619936494860129,0.008425396918802354,0.031620477664345864
291460,Irecê,0.00687983143143651,0.05070410576953656,0.02637154097563363,0.098972277559232
291465,Itabela,0.00206164661349195,0.015194260061699792,0.007902635215239139,0.02965855528483075
291470,Itaberaba,0.00125685056631348,0.00926294265869161,0.004817717779876413,0.01808087368699996
291480,Itabuna,0.02793566393676404,0.20588482045063078,0.10708205768292771,0.4018784925917198
291490,Itacaré,9.153783563873068e-4,0.006746304973305923,0.003508797864344708,0.013168502987748559
291500,Itaeté,0,0,0,0
291510,Itagi,6.970098278385725e-5,5.136936912675808e-4,2.671754885050469e-4,0.0010027084359528807
291520,Itagibá,6.330716637123322e-5,4.6657149839300963e-4,2.426669241315464e-4,9.107279014064308e-4
291530,Itagimirim,0.0024653312788906,0.018169401266233537,0.009450025845502388,0.035465905530023975
291535,Itaguaçu da Bahia,0.00244691767306022,0.01803369366541123,0.009379443424188085,0.035201010012557765
291540,Itaju do Colônia,1.634521085322001e-4,0.0012046360556744005,6.26539184959449e-4,0.002351398811803855
291550,Itajuípe,0.02350059923922672,0.17319855600363748,0.09008171522304415,0.3380762819398576
291560,Itamaraju,0.01674220551944386,0.12338944172298563,0.0641756652439236,0.2408509900478941
291570,Itamari,0.00347850285237233,0.025636438669180334,0.013333681416383393,0.050041247845470795
291580,Itambé,0.01646205357142857,0.1213247321228635,0.06310179611644322,0.23682076392476079
291590,Itanagra,0,0,0,0
291600,Itanhém,0.04411360764709114,0.3251156732988316,0.1690948133311142,0.6346120924179879
291620,Itapé,0.01126866372429336,0.08304963908666707,0.04319466691988251,0.16210939540557023
291630,Itapebi,0.03444632290786137,0.25386813870338226,0.1320384990646346,0.4955399075846164
291640,Itapetinga,0.00695535766253419,0.05126073132760661,0.026661045612190078,0.10005878718983811
291650,Itapicuru,2.704001922845812e-4,0.0019928395174120847,0.0010364890218194079,0.003889938750617228
291660,Itapitanga,0.00394736842105263,0.02909196074453676,0.015130921316770681,0.05678628130506305
291670,Itaquara,3.5444234404536864e-4,0.002612227098989597,0.0013586366021675006,0.005098957206031185
291680,Itarantim,0.04197883900486131,0.3093825065624324,0.160911889187825,0.6039016140161355
291685,Itatim,0.00121550990640573,0.008958263508710268,0.004659252137573702,0.01748615282680916
291690,Itiruçu,0.00151636785300151,0.011175575560295348,0.005812490809998408,0.021814252503832902
291700,Itiúba,4.790081713158636e-4,0.003530272685445806,0.0018361181874018717,0.006890943500154174
291710,Itororó,0.00273013235206837,0.02012097548081992,0.010465052510224204,0.03927529614863402
291720,Ituaçu,0.00226953420512266,0.016726384000965676,0.008699503015802438,0.032649196643568044
291730,Ituberá,0.01065270380066805,0.07851003700069384,0.04083358983142232,0.15324828345334346
291733,Iuiu,0.03244225279003374,0.23909821530677333,0.12435656415721215,0.4667096395865553
291735,Jaborandi,6.25e-4,0.004606227117884987,0.002395729208488692,0.008991161206634988
291740,Jacaraci,4.6948356807511736e-4,0.0034600767082704135,0.0017996087951088768,0.006753923911087314
291750,Jacobina,9.321487755477812e-4,0.006869902348530363,0.003573081677178863,0.013409759855228022
291760,Jaguaquara,0.00573240383000168,0.042247606355874406,0.021973259664619955,0.08246554709932309
291770,Jaguarari,0.00674814643188137,0.04973359214398526,0.025866770416027116,0.09707787586403854
291780,Jaguaripe,2.7249441386451576e-4,0.0020082738537838523,0.0010445165223123625,0.0039200659247413975
291790,Jandaíra,7.36222128733698e-4,0.0054259301346562755,0.002822062172388868,0.010591186949338648
291800,Jequié,0.00373520251062345,0.027528305752361322,0.01431765400691343,0.05373409265990908
291810,Jeremoabo,4.552467184299047e-4,0.003355151647615966,0.0017450365766578401,0.006549114614711744
291820,Jiquiriçá,0.00241769181540211,0.017818300164470058,0.009267415838852619,0.03478057097638779
291830,Jitaúna,2.0237452779276849e-4,0.001491492860621151,7.757353076595874e-4,0.0029113312056022627
291835,João Dourado,0.00139039085431793,0.01024712969218964,0.0053295999694480175,0.020001965298245522
291840,Juazeiro,0.00137434503869249,0.010128872618489666,0.0052680936827793935,0.019771132474277087
291845,Jucuruçu,0.02074521651560926,0.15289148620895185,0.0795198738285874,0.2984377375334231
291850,Jussara,0.00105838772270241,0.007800278767277404,0.0040569766098943905,0.01522581541430505
291855,Jussari,0.0162037037037037,0.11942070305627744,0.06211149799785497,0.2331041794312774
291860,Jussiape,1.321527686005022e-4,9.739610662899407e-4,5.065635963501927e-4,0.001901130954224393
291870,Lafaiete Coutinho,0,0,0,0
291875,Lagoa Real,0,0,0,0
291880,Laje,7.832296705828151e-4,0.005772373997073102,0.0030022499180323626,0.011267430768047532
291890,Lajedão,0.00901352028042063,0.0664293144692477,0.03455032609137423,0.1296672222088571
291900,Lajedinho,5.54016620498615e-4,0.004083082209759547,0.0021236380795467634,0.007970004393693064
291905,Lajedo do Tabocal,0.00104125992450865,0.007674047521661792,0.003991322903638565,0.014979417342825362
291910,Lamarão,3.224766204450177e-4,0.0023766408863643926,0.001236106653847761,0.004639102847667198
291915,Lapão,0.00396090915821426,0.02919175548167284,0.015182825220006817,0.056981076426146075
291920,Lauro de Freitas,0.00171703922318777,0.01265451621171149,0.0065816976305786805,0.024701082326074486
291930,Lençóis,0.00830802215472574,0.06122981911213915,0.03184603414535619,0.11951802640229454
291940,Licínio de Almeida,0.01327651204720537,0.09784740771642259,0.050891084317347055,0.190994016125208
291950,Livramento de Nossa Senhora,2.3719165085388995e-4,0.0017480937828785535,9.091951455365056e-4,0.0034122053915123293
291955,Luís Eduardo Magalhães,0.00360696727543038,0.026583216763857838,0.013826106969298303,0.051889318784722444
291960,Macajuba,0.02718808193668528,0.20037516848006198,0.10421645122960117,0.39112388414710103
291970,Macarani,0.04954321855235418,0.36513170688505037,0.18990741722946208,0.7127217035196253
291980,Macaúbas,0.01406547087256317,0.10366200537443504,0.053915295040874424,0.20234386569991095
291990,Macururé,0,0,0,0
291995,Maetinga,9.69797727902466e-4,0.007147373749004137,0.0037173963888990514,0.013951372335039049
292000,Maiquinique,0.03984903984903985,0.293685964758923,0.15274801391451934,0.5732626259397422
292010,Mairi,0.00209597352454495,0.015447248139404682,0.008034215988754125,0.030152377350436098
292020,Malhada,9.485266219805236e-4,0.006990606477124049,0.0036358606932925643,0.013645369227218903
292030,Malhada de Pedras,0.00367401469605878,0.02707735379919028,0.014083110911623559,0.05285385345249686
292040,Manoel Vitorino,0.03275705186533212,0.24141827296649254,0.12556324150040826,0.4712382943604871
292045,Mansidão,0,0,0,0
292050,Maracás,0.00109103307193999,0.008040873795966953,0.0041821116765980455,0.01569544677053222
292060,Maragogipe,1.8897977916362948e-4,0.0013927740536246827,7.243910028096799e-4,0.002718636254807156
292070,Maraú,4.262904975972717e-4,0.0031417453602067815,0.0016340425542319401,0.006132554535605944
292080,Marcionílio Souza,3.16622691292876e-4,0.002333497642833556,0.001213667567361026,0.004554889054548595
292090,Mascote,0.00129328926569909,0.00953149453909234,0.004957393390176325,0.018605075639537772
292100,Mata de São João,1.7792802811262843e-4,0.0013113230529987066,6.820277983331538e-4,0.002559647334302919
292105,Matina,0.01781170483460559,0.13127161251987746,0.06827523444039019,0.25623665525270184
292110,Medeiros Neto,0.01780623656857155,0.13123131159940737,0.06825427366493812,0.2561579895544093
292120,Miguel Calmon,0.00237501484384277,0.017503772446540715,0.009103827891181335,0.03416662612662619
292130,Milagres,3.497726477789437e-4,0.002577811608470088,0.001340736877783109,0.005031779618963268
292140,Mirangaba,0,0,0,0
292145,Mirante,4.750142504275128e-4,0.0035008376347216326,0.0018208088227160877,0.006833487521668241
292150,Monte Santo,4.015499829341257e-5,2.959408672923878e-4,1.5392080364534733e-4,5.776641006531605e-4
292160,Morpará,2.4330900243309004e-4,0.0017931784400525503,9.326439741075202e-4,0.0035002087422423313
292170,Morro do Chapéu,0.00252589754505463,0.018615772430447607,0.009682186442139615,0.03633720323044758
292180,Mortugaba,1.7426156661148382e-4,0.0012843013659695009,6.679736400770074e-4,0.0025069021400393795
292190,Mucugê,3.1466331025802394e-4,0.0023190570763423476,0.0012061569331598201,0.004526701677349271
292200,Mucuri,0.01353642119958119,0.0997629286537986,0.05188735943398752,0.19473303226615335
292205,Mulungu do Morro,8.792497069167644e-4,0.0064800381494278855,0.0033703107270649834,0.012648761369240312
292210,Mundo Novo,5.8149677269291154e-5,4.285609925345107e-4,2.228974084771709e-4,8.36532995907192e-4
292220,Muniz Ferreira,0.00469609553200053,0.03461005214028699,0.018000917170987063,0.06755736315196009
292225,Muquém do São Francisco,0.01046005739146533,0.07709024001792147,0.04009514402432245,0.15047689957970983
292230,Muritiba,0.00331345261762756,0.024420024481828905,0.012701016347189856,0.047666858617017714
292240,Mutuípe,0.00305973773676542,0.02255015509872787,0.011728484906054402,0.04401695238605181
292250,Nazaré,0.0093573011573504,0.06896296694592641,0.03586809551246304,0.13461280506363135
292260,Nilo Peçanha,0,0,0,0
292265,Nordestina,3.0439855918015324e-4,0.0022434062367051844,0.0011668104307996272,0.004379034426649885
292270,Nova Canaã,0.00901932712956335,0.06647211073483275,0.034572584712335035,0.1297507587156488
292273,Nova Fátima,2.4145840878908608e-4,0.0017795396326490357,9.25550340113946e-4,0.0034735863649923895
292275,Nova Ibiá,1.4934289127837514e-4,0.0011006516410716817,5.724562027452072e-4,0.002148425616878133
292280,Nova Itarana,0.0012386968908708,0.009129150735310242,0.004748131715077289,0.017819717491163057
292285,Nova Redenção,0.00964797913950456,0.07110525303227933,0.036982312683841084,0.13879445721845923
292290,Nova Soure,4.8260607279308266e-4,0.0035567890876087582,0.001849909543655053,0.006942702399653802
292300,Nova Viçosa,7.206514689279108e-4,0.0053111749419510294,0.0027623772372014034,0.010367189649486642
292303,Novo Horizonte,0.00112204384602106,0.008269422065597078,0.004300981144188227,0.01614156336078092
292305,Novo Triunfo,0.00515370705244123,0.037982632292143846,0.01975501842804419,0.07414049747243316
292310,Olindina,4.356159609688099e-5,3.210473683836897e-4,1.669788610202957e-4,6.266709326806056e-4
292320,Oliveira dos Brejinhos,0.00314214697744219,0.023157508185399307,0.012044373265956343,0.04520248001459776
292330,Ouriçangas,0.00227129337539432,0.016739349021462152,0.00870624620876647,0.03267450381717192
292335,Ourolândia,0,0,0,0
292340,Palmas de Monte Alto,5.806638923836253e-4,0.004279471627958569,0.0022257815156770974,0.008353348261269319
292350,Palmeiras,0,0,0,0
292360,Paramirim,9.988109393579071e-4,0.007361200055216913,0.0038286088658844256,0.014368752273147947
292370,Paratinga,0.0014341590612777,0.010569699775068513,0.005497370804354736,0.020631608505446573
292380,Paripiranga,0.00789662598707824,0.05819784441836016,0.030269084041206706,0.11359973958131775
292390,Pau Brasil,0.0055573031351578,0.0409571206455538,0.02130206950611732,0.07994657337974688
292400,Paulo Afonso,0.00763703964226498,0.05628470256090179,0.029274046299776393,0.10986536730410629
292405,Pé de Serra,0.00116984718871097,0.008621730951075178,0.004484219327141207,0.016829255457326515
292410,Pedrão,0.01108855224113696,0.08172222404993507,0.042504269574311304,0.15951833719720973
292420,Pedro Alexandre,1.4058765640376775e-4,0.0010361258805870915,5.38895927679166e-4,0.002022474051822857
292430,Piatã,1.4328016047377974e-4,0.0010559695370067792,5.492167447103699e-4,0.0020612080328516547
292440,Pilão Arcado,0,0,0,0
292450,Pindaí,0.00224793388429752,0.016567190427302037,0.008616705384580814,0.032338457496921866
292460,Pindobaçu,0.00137748074077853,0.010151982628061388,0.005280113351702025,0.019816242238999592
292465,Pintadas,5.631687629059508e-4,0.004150533164229012,0.0021587197673635676,0.008101665814125764
292467,Piraí do Norte,1.7420085358418256e-4,0.0012838539131810784,6.677409169204612e-4,0.002506028731054086
292470,Piripá,0.1270917641911845,0.9366616490836454,0.4871639226098848,1.8283240638057277
292480,Piritiba,0.00175170932926484,0.012910033624178927,0.006714593927843061,0.025199841546538596
292490,Planaltino,0,0,0,0
292500,Planalto,7.491883792558063e-4,0.005521490926291837,0.0028717639725495026,0.010777717587242474
292510,Poções,7.878202981899829e-4,0.005806206754468699,0.003019846559062421,0.011333470884616611
292520,Pojuca,0.01337384207547731,0.09856472646139974,0.05126416654389764,0.19239419208431097
292525,Ponto Novo,0.00101263124233864,0.007463055182204494,0.0038815843915181937,0.014567569188386836
292530,Porto Seguro,0.00462684115424629,0.03409964991173686,0.017735453594024595,0.06656107951251439
292540,Potiraguá,0.00976434137639658,0.07196283845799098,0.037428348539340746,0.14046842782687652
292550,Prado,0.01566621373191591,0.11545942164245321,0.06005120931836414,0.22537192505800752
292560,Presidente Dutra,0.01511768833322702,0.11141680953639008,0.057948620007585126,0.2174809166011346
292570,Presidente Jânio Quadros,8.485690040885598e-4,0.00625392249284701,0.0032527064776209967,0.012207393137142314
292575,Presidente Tancredo Neves,0.00142425989351961,0.01049674327111362,0.005459425643814279,0.020489200484447356
292580,Queimadas,2.5520434576543075e-4,0.0018808466849069185,9.78240808453584e-4,0.003671333461457285
292590,Quijingue,7.563438339068941e-5,5.574226365099256e-4,2.8991920232817063e-4,0.001088065494128199
292593,Quixabeira,2.032726903140563e-4,0.0014981122855200692,7.791781143575379e-4,0.002924252044032113
292595,Rafael Jambeiro,4.481848513520243e-4,0.003303105945796715,0.001717967262697932,0.0064475235982044635
292600,Remanso,3.0334850075837123e-4,0.002235667344580743,0.0011627853817889348,0.004363928435375282
292610,Retirolândia,2.1165514321998025e-4,0.0015598906565435266,8.113094539823425e-4,0.003044840820646814
292620,Riachão das Neves,0.01697344260826727,0.12509365060170435,0.06506203556037184,0.24417753395599692
292630,Riachão do Jacuípe,5.967943617142207e-4,0.004398352596366249,0.002287612294112199,0.008585398901413424
292640,Riacho de Santana,1.871490954460387e-4,0.0013792819816499029,7.173736868837008e-4,0.0026923002989300026
292650,Ribeira do Amparo,1.3766519823788548e-4,0.0010145874708997772,5.276936582574213e-4,0.0019804319838403056
292660,Ribeira do Pombal,0.02065132466794516,0.1521995067291779,0.07915997072156682,0.2970870227520843
292665,Ribeirão do Largo,7.976867085452188e-4,0.0058789218375638495,0.0030576661550159793,0.011475407662272195
292670,Rio de Contas,4.40076279888514e-4,0.0032433460709766675,0.0016868857563071328,0.0063308748411101574
292680,Rio do Antônio,0.00148203038162282,0.010922509653376754,0.005680869556994293,0.02132027851888247
292690,Rio do Pires,0.04637788702346721,0.3418033294043215,0.17777417371217452,0.6671856938417577
292700,Rio Real,0.00338148568955256,0.024921425731131232,0.012961798455276152,0.04864557272431414
292710,Rodelas,3.675119441381845e-4,0.0027085495731775013,0.0014087345584645012,0.0052869746161764
292720,Ruy Barbosa,0.00689422102061507,0.050810156514959764,0.026426698670182797,0.09917928414483472
292730,Salinas da Margarida,5.118689615458443e-4,0.003772455506361754,0.001962079075350647,0.007363674159890451
292740,Salvador,0.00191950406441921,0.01414667467906915,0.007357779124706979,0.0276137127679747
292750,Santa Bárbara,5.048882361040987e-4,0.003721007815430109,0.001935320790811079,0.007263250435432862
292760,Santa Brígida,1.945903872348706e-4,0.001434124029697603,7.458973990235275e-4,0.0027993496654243975
292770,Santa Cruz Cabrália,0.00361208759312413,0.02662095331779886,0.013845734000747357,0.05196297894762436
292780,Santa Cruz da Vitória,0.04439202230323826,0.32716757912149,0.17016202312919895,0.6386173261071215
292790,Santa Inês,0,0,0,0
292800,Santaluz,6.738880846603105e-4,0.004966530511971035,0.0025831253882771304,0.00969445824705814
292805,Santa Luzia,2.7793218454697053e-4,0.002048350024629233,0.001065360403997195,0.00399829292123846
292810,Santa Maria da Vitória,0.01566437713099767,0.11544588596092628,0.060044169320821475,0.22534550397812245
292820,Santana,0.0014497864503742,0.010684873060569373,0.00555727319237218,0.020856421904815278
292830,Santanópolis,0.00276701715550636,0.020392815131754206,0.010606438111737417,0.03980591569069164
292840,Santa Rita de Cássia,1.0384215991692629e-4,7.653129167825526e-4,3.9804431293685445e-4,0.0014938585597732068
292850,Santa Terezinha,0.00119463333945965,0.008804403974637668,0.004579228775644592,0.017185825500643858
292860,Santo Amaro,7.363265865269359e-4,0.005426699984768095,0.0028224625765269707,0.010592689664311915
292870,Santo Antônio de Jesus,0.01277882522246814,0.09417947403911266,0.04898336773702229,0.1838343641705988
292880,Santo Estêvão,7.434809415007435e-4,0.005479427318994219,0.0028498864120128065,0.010695611198550309
292890,São Desidério,0.0093476645131782,0.06889194523118816,0.035831156648598796,0.13447417366964215
292895,São Domingos,0.00264672036823935,0.019506232213828217,0.010145320468628732,0.03807534319955891
292900,São Félix,2.7022158169699153e-4,0.0019915231639207297,0.0010358043776567934,0.00388736928407926
292905,São Félix do Coribe,0.00481622306717363,0.03549538767647742,0.018461386042599778,0.0692855008065154
292910,São Felipe,0.00277206901495961,0.02043004715096909,0.010625802731336344,0.039878591023071536
292920,São Francisco do Conde,0.00279737290197032,0.0206165358718277,0.010722796749256113,0.04024260914669997
292925,São Gabriel,0.004940454521816,0.03641096894890619,0.0189375859217994,0.07107267686351429
292930,São Gonçalo dos Campos,4.7425956225842405e-5,3.495275610545627e-4,1.8179159771321087e-4,6.822630684885814e-4
292935,São José da Vitória,3.681885125184094e-4,0.002713535857369654,0.0014113279578725727,0.005296707632774662
292937,São José do Jacuípe,2.8366111951588503e-4,0.0020905720656058946,0.0010873203669388922,0.004080708565795002
292940,São Miguel das Matas,0.00178991992463495,0.013191644313113857,0.006861061510886126,0.025749533742977254
292950,São Sebastião do Passé,0.00114102086438152,0.008409281996138763,0.004373723219670117,0.01641456405086119
292960,Sapeaçu,0.00251929674099485,0.018567124746191602,0.009656884459602774,0.036242245001015756
292970,Sátiro Dias,6.0694343287205633e-5,4.4731508792279567e-4,2.3265153760511698e-4,8.731401997217759e-4
292975,Saubara,0,0,0,0
292980,Saúde,5.627989869618235e-4,0.004147807929058802,0.0021573023545156597,0.008096346269927387
292990,Seabra,0.00207302805771638,0.015278140888943418,0.007946262188620342,0.02982228712448863
293000,Sebastião Laranjeiras,0.00104373238701596,0.007692269479820392,0.004000800264671615,0.015014985837194296
293010,Senhor do Bonfim,0.00222819823280829,0.016421739398375927,0.00854105534182673,0.03205454321842965
293015,Serra do Ramalho,0.00664790908087829,0.04899484653692071,0.025482543936699735,0.09563587557316694
293020,Sento Sé,0.00263471863193477,0.01941777985666364,0.010099315812280796,0.03790268792616049
293030,Serra Dourada,7.966313872766587e-4,0.005871144158451334,0.0030536209326360933,0.01146022596043153
293040,Serra Preta,5.332195798229711e-5,3.929808781388493e-4,2.0439195550719352e-4,7.670821121156009e-4
293050,Serrinha,0.00714370055496516,0.05264881154932889,0.027382995321963064,0.10276826128259132
293060,Serrolândia,0.01695159777825867,0.12493265500431042,0.06497830068468212,0.24386327733497476
293070,Simões Filho,0.00222556241124739,0.016402313489973168,0.008530951798303831,0.03201662466392408
293075,Sítio do Mato,5.006436847375197e-4,0.003689725627257321,0.0019190507177137286,0.007202188922494054
293076,Sítio do Quinto,1.3855213023900243e-4,0.001021124127276201,5.31093416499052e-4,0.0019931912616024915
293077,Sobradinho,0.00103332472229398,0.007615565371858408,0.003960905950485047,0.014865262651114408
293080,Souto Soares,0,0,0,0
293090,Tabocas do Brejo Velho,8.085381630012937e-5,5.958896659618355e-4,3.0992615892479853e-4,0.0011631515144417837
293100,Tanhaçu,7.343828888786891e-4,0.005412375004261977,0.0028150120593615695,0.010564727906084164
293105,Tanque Novo,0.00106669660902762,0.007861514955294375,0.0040888259565493,0.01534534587254116
293110,Tanquinho,0.00437992741834563,0.03227990471800261,0.01678899207550576,0.06300901358672986
293120,Taperoá,0.00161672774304807,0.011915224275624022,0.006197187001910821,0.02325801562397495
293130,Tapiramutá,6.16294835449279e-5,4.5420703738542964e-4,2.362360861322512e-4,8.865929946145681e-4
293135,Teixeira de Freitas,0.09645630878507593,0.7108794643470475,0.36973311407905735,1.3876067546937283
293140,Teodoro Sampaio,8.241758241758242e-4,0.006074145649958226,0.003159203351853221,0.011856476316441742
293150,Teofilândia,0.00247422680412371,0.018234960961524063,0.009484123876903684,0.035593875292245704
293160,Teolândia,0.00262861434472399,0.019372791483406593,0.010075917061612202,0.037814872517578535
293170,Terra Nova,4.55539358600583e-4,0.003357308394959903,0.001746158315224994,0.0065533244946319145
293180,Tremedal,4.2052144659377626e-4,0.003099227665523962,0.0016119288198410042,0.006049561787475181
293190,Tucano,0.00301866081229418,0.022247419669257886,0.01157103020565339,0.0434260255863819
293200,Uauá,9.037683209556368e-4,0.0066607394372339805,0.003464294662752324,0.013001482667459138
293210,Ubaíra,2.0896458050360465e-4,0.0015400613078290631,8.009960784833158e-4,0.0030061347676556224
293220,Ubaitaba,0.00307640675690793,0.022673005166902266,0.01179238003954608,0.04425675054166454
293230,Ubatã,0.00170465307153229,0.012563230727484758,0.006534219446095794,0.024522896908051685
293240,Uibaí,0.0809448365259974,0.5965604816941065,0.3102750546266789,1.164460918479934
293245,Umburanas,4.352557127312296e-4,0.0032078186675151173,0.0016684077186428325,0.006261526846840472
293250,Una,0.00213651802344691,0.015746059611921905,0.008189629813174866,0.03073564475150771
293260,Urandi,1.9016227180527383e-4,0.001401488981100909,7.289236942663364e-4,0.0027356474259538502
293270,Uruçuca,0.0065447980139923204,0.04823492174900998,0.0250873020252483,0.09415253441387114
293280,Utinga,7.810153199158907e-4,0.0057560543137283125,0.0029937619427194235,0.011235575433944593
293290,Valença,1.3325486102628453e-4,9.820834471188276e-4,5.107881003740341e-4,0.0019169854992881056
293300,Valente,6.366385484641095e-4,0.0046920027939621085,0.0024403417052884977,0.009158591711358256
293305,Várzea da Roça,2.798376941374003e-4,0.002062393560547357,0.0010726645399697517,0.004025705311491808
293310,Várzea do Poço,2.3998080153587713e-4,0.0017686497212901324,9.198864251456462e-4,0.003452329716970478
293315,Várzea Nova,0.0132698687436896,0.09779844681273189,0.05086561942730932,0.19089844650464016
293317,Varzedo,0.00542215336948102,0.039961071820535904,0.020784017920273696,0.0780023280513647
293320,Vera Cruz,9.072602951915204e-4,0.006686475159506433,0.0034776799822278377,0.01305171771271393
293325,Vereda,0.00422283579665421,0.031122145217478525,0.016186833697113767,0.060749115834987016
293330,Vitória da Conquista,0.00220618083623078,0.016259471991687036,0.00845665898970574,0.03173780407926356
293340,Wagner,9.122237989053314e-4,0.00672305600015648,0.003496705919545628,0.013123121971978898
293345,Wanderley,4.457652303120357e-4,0.003285273427317674,0.0017086924518195726,0.006412715273677258
293350,Wenceslau Guimarães,4.307812805952614e-4,0.0031748422664881846,0.0016512564742275694,0.00619715830181225
293360,Xique-Xique,6.380399413003254e-4,0.004702331007858088,0.0024457134776889604,0.00917875194960504
