region,uf,uf_name,wave_id,start_week,end_week,peak_week,duration_weeks,total_cases,peak_cases,n_active_munis,peak_time_sd_weeks,cor_sync_index,top3_share,n_total_munis,pct_active_munis,synchrony_class,is_first_major_epidemic,left_censored,uf_code
Norte,AC,Acre,1,2015-11-29,2016-06-05,2016-02-07,28,1043,76,6,1.9963323890563485,0.4198977896683128,0.8798029556650246,22,0.2727272727272727,Mixed / intermediate,TRUE,FALSE,NA
Norte,AC,Acre,2,2016-12-25,2017-03-12,2017-01-22,12,137,24,3,0.7286854964940187,0.41659136194561813,1,22,0.13636363636363635,Mixed / intermediate,FALSE,FALSE,NA
Norte,AC,Acre,3,2017-05-07,2017-06-11,2017-05-28,6,62,15,2,1.4891608375189027,NA,1,22,0.09090909090909091,Mixed / intermediate,FALSE,FALSE,NA
Norte,AC,Acre,4,2017-12-10,2018-03-11,2018-02-11,14,156,23,2,0,NA,1,22,0.09090909090909091,Mixed / intermediate,FALSE,FALSE,NA
Norte,AC,Acre,5,2018-06-17,2019-01-20,2018-10-28,32,463,31,3,5.439215629727017,-0.0937654487720226,1,22,0.13636363636363635,Asynchronous (localized/staggered),FALSE,FALSE,NA
Norte,AC,Acre,6,2020-05-10,2020-06-14,2020-06-07,6,70,15,2,1.683330033000065,NA,1,22,0.09090909090909091,Mixed / intermediate,FALSE,FALSE,NA
Norte,AC,Acre,7,2021-01-03,2021-06-20,2021-01-10,25,449,57,4,4.4992760180948626,0.2784505931415885,0.8340807174887892,22,0.18181818181818182,Asynchronous (localized/staggered),FALSE,FALSE,NA
Norte,AC,Acre,8,2021-10-17,2022-01-23,2021-11-14,15,155,17,2,2.769230769230769,NA,1,22,0.09090909090909091,Mixed / intermediate,FALSE,FALSE,NA
Norte,AC,Acre,9,2023-03-05,2023-05-07,2023-03-26,10,145,27,1,NA,NA,1,22,0.045454545454545456,Single-municipality dominated,FALSE,FALSE,NA
Norte,AC,Acre,10,2023-11-19,2024-12-22,2023-12-31,58,924,48,4,8.537978688221916,0.040572419245363145,0.9759903961584634,22,0.18181818181818182,Asynchronous (localized/staggered),FALSE,FALSE,NA
Norte,AM,Amazonas,1,2016-04-03,2016-05-15,2016-04-24,7,353,61,1,NA,NA,1,57,0.017543859649122806,Single-municipality dominated,TRUE,FALSE,NA
Norte,AP,Amapá,1,2014-12-28,2015-06-07,2015-01-04,24,1117,134,5,1.8365886953028667,0.34356229187876297,0.9455357142857143,15,0.3333333333333333,Mixed / intermediate,TRUE,TRUE,NA
Norte,AP,Amapá,2,2016-01-31,2017-10-08,2016-08-14,89,1741,63,9,15.55728744733594,0.02760841879517267,0.8643586833144155,15,0.6,Asynchronous (localized/staggered),FALSE,FALSE,NA
Norte,AP,Amapá,3,2018-01-07,2018-06-10,2018-04-01,23,417,35,4,3.6647292605665363,0.04701199522900574,0.9040178571428571,15,0.26666666666666666,Asynchronous (localized/staggered),FALSE,FALSE,NA
Norte,AP,Amapá,4,2018-07-29,2018-08-26,2018-08-05,5,51,13,2,0.4760871250278503,NA,1,15,0.13333333333333333,Mixed / intermediate,FALSE,FALSE,NA
Norte,AP,Amapá,5,2019-02-03,2019-03-24,2019-02-17,8,81,13,4,2.84129479664433,-0.13274503374601299,0.8244274809160306,15,0.26666666666666666,Asynchronous (localized/staggered),FALSE,FALSE,NA
Norte,AP,Amapá,6,2023-12-31,2024-08-11,2024-01-14,33,773,64,6,5.9795544710067805,0.0027063169995658245,0.820580474934037,15,0.4,Asynchronous (localized/staggered),FALSE,FALSE,NA
Norte,PA,Pará,1,2016-04-24,2017-09-17,2017-01-29,74,14559,1034,57,16.751026334573066,0.08745355466137283,0.3723621511232131,144,0.3958333333333333,Asynchronous (localized/staggered),TRUE,FALSE,NA
Norte,PA,Pará,2,2017-10-29,2019-06-30,2018-02-25,88,18110,413,48,19.002118357093867,0.08186211493696466,0.6791061206516953,144,0.3333333333333333,Asynchronous (localized/staggered),FALSE,FALSE,NA
Norte,PA,Pará,3,2020-01-05,2020-03-15,2020-02-02,11,1270,136,15,2.616547684082335,0.1564729835696992,0.6839887640449438,144,0.10416666666666667,Asynchronous (localized/staggered),FALSE,FALSE,NA
Norte,PA,Pará,4,2024-01-07,2024-06-09,2024-02-18,23,5704,484,35,4.201815256892776,0.23659772451080754,0.43062939461498884,144,0.24305555555555555,Asynchronous (localized/staggered),FALSE,FALSE,NA
Norte,RO,Rondônia,1,2016-01-03,2016-06-12,2016-02-21,24,1576,155,10,2.0136099470508757,0.3705466535812326,0.7311411992263056,53,0.18867924528301888,Mixed / intermediate,TRUE,FALSE,NA
Norte,RO,Rondônia,2,2016-12-11,2017-04-02,2017-02-12,17,590,57,7,2.2483987553772438,0.058917160150130134,0.8180327868852459,53,0.1320754716981132,Asynchronous (localized/staggered),FALSE,FALSE,NA
Norte,RO,Rondônia,3,2019-11-17,2020-05-10,2020-02-09,26,851,61,8,3.8543138187077863,0.1276495686291968,0.6139315230224321,53,0.1509433962264151,Asynchronous (localized/staggered),FALSE,FALSE,NA
Norte,RO,Rondônia,4,2021-01-31,2021-03-21,2021-02-07,8,172,31,5,3.196866847354551,-0.024453413092978726,0.7844827586206896,53,0.09433962264150944,Asynchronous (localized/staggered),FALSE,FALSE,NA
Norte,RO,Rondônia,5,2022-03-06,2022-05-08,2022-04-10,10,185,26,4,3.5579863641221916,-0.0018789469058037508,0.8655913978494624,53,0.07547169811320754,Asynchronous (localized/staggered),FALSE,FALSE,NA
Norte,RO,Rondônia,6,2023-03-05,2023-05-28,2023-05-07,13,457,51,6,3.7661903305192466,0.013101403465944989,0.8701030927835052,53,0.11320754716981132,Asynchronous (localized/staggered),FALSE,FALSE,NA
Norte,RO,Rondônia,7,2023-12-10,2024-05-19,2024-01-14,24,1870,167,9,3.669305174884039,0.15012765651405097,0.8021563342318059,53,0.16981132075471697,Asynchronous (localized/staggered),FALSE,FALSE,NA
Norte,RO,Rondônia,8,2024-11-17,2024-12-15,2024-12-08,5,120,33,1,NA,NA,1,53,0.018867924528301886,Single-municipality dominated,FALSE,FALSE,NA
Norte,RR,Roraima,1,2014-12-28,2015-03-08,2015-01-11,11,77,12,1,NA,NA,1,15,0.06666666666666667,Single-municipality dominated,TRUE,TRUE,NA
Norte,RR,Roraima,2,2015-05-10,2015-09-27,2015-09-06,21,303,31,2,1.253600929415247,NA,1,15,0.13333333333333333,Mixed / intermediate,FALSE,FALSE,NA
Norte,RR,Roraima,3,2016-05-08,2018-10-14,2017-07-23,128,7410,487,12,2.989859666165573,0.39701437636120285,0.9036567264876535,15,0.8,Mixed / intermediate,FALSE,FALSE,NA
Norte,RR,Roraima,4,2018-11-18,2019-03-24,2019-02-17,19,151,23,2,0,NA,1,15,0.13333333333333333,Mixed / intermediate,FALSE,FALSE,NA
Norte,RR,Roraima,5,2019-04-28,2020-02-09,2019-09-08,42,429,23,4,4.6603425696981775,0.0565448413294375,0.917989417989418,15,0.26666666666666666,Asynchronous (localized/staggered),FALSE,FALSE,NA
Norte,RR,Roraima,6,2021-03-21,2021-09-12,2021-04-04,26,252,19,2,9.623042305314707,NA,1,15,0.13333333333333333,Asynchronous (localized/staggered),FALSE,FALSE,NA
Norte,RR,Roraima,7,2022-06-12,2022-09-18,2022-08-14,15,278,45,2,0.4560513721491651,NA,1,15,0.13333333333333333,Mixed / intermediate,FALSE,FALSE,NA
Norte,RR,Roraima,8,2023-01-22,2023-09-17,2023-02-26,35,407,37,5,10.169626778578257,0.0015714277074038781,0.8604651162790697,15,0.3333333333333333,Asynchronous (localized/staggered),FALSE,FALSE,NA
Norte,RR,Roraima,9,2023-12-10,2024-06-09,2024-05-19,27,488,75,4,9.257587016538434,0.15627960256887954,0.9175475687103594,15,0.26666666666666666,Asynchronous (localized/staggered),FALSE,FALSE,NA
Norte,RR,Roraima,10,2024-08-04,2024-12-08,2024-09-15,19,233,36,3,4.889517824186779,0.05450977301667934,1,15,0.2,Asynchronous (localized/staggered),FALSE,FALSE,NA
Norte,TO,Tocantins,1,2015-11-29,2016-07-24,2016-02-14,35,2012,128,13,6.614220977853426,0.14839806547207096,0.6240266963292548,139,0.09352517985611511,Asynchronous (localized/staggered),TRUE,FALSE,NA
Norte,TO,Tocantins,2,2016-12-11,2018-06-03,2017-05-14,78,7427,313,33,8.56783316160708,0.2052368062817769,0.5475923852183651,139,0.23741007194244604,Asynchronous (localized/staggered),FALSE,FALSE,NA
Norte,TO,Tocantins,3,2018-10-07,2019-06-16,2019-02-03,37,1841,116,12,5.089516959018616,0.22196490790331586,0.7136803874092009,139,0.08633093525179857,Asynchronous (localized/staggered),FALSE,FALSE,NA
Norte,TO,Tocantins,4,2021-04-25,2021-08-15,2021-05-09,17,452,43,4,3.182677603590263,0.07376815213566323,0.9537037037037037,139,0.02877697841726619,Asynchronous (localized/staggered),FALSE,FALSE,NA
Norte,TO,Tocantins,5,2021-11-07,2024-08-04,2023-02-05,144,24522,845,48,30.69216625531536,0.11691569307292062,0.7326212064753861,139,0.34532374100719426,Asynchronous (localized/staggered),FALSE,FALSE,NA
Norte,TO,Tocantins,6,2024-11-10,2024-12-08,2024-11-24,5,106,26,2,2.9936789263877577,NA,1,139,0.014388489208633094,Mixed / intermediate,FALSE,FALSE,NA
Nordeste,AL,Alagoas,1,2014-12-28,2015-02-22,2015-02-01,9,943,195,5,1.3326650196376204,0.532747402345197,0.9026258205689278,102,0.049019607843137254,Synchronous (state-wide),TRUE,TRUE,NA
Nordeste,AL,Alagoas,2,2015-10-18,2016-10-16,2016-05-22,53,21568,926,69,9.578249322518044,0.11712077194000306,0.5012785345669255,102,0.6764705882352942,Asynchronous (localized/staggered),FALSE,FALSE,NA
Nordeste,AL,Alagoas,3,2019-04-14,2019-09-15,2019-06-30,23,2142,167,18,3.9580799168613674,0.15659003710328792,0.57225156024964,102,0.17647058823529413,Asynchronous (localized/staggered),FALSE,FALSE,NA
Nordeste,AL,Alagoas,4,2021-07-11,2021-08-15,2021-07-18,6,221,45,4,2.6320756490310497,-0.06005615971156747,0.91,102,0.0392156862745098,Asynchronous (localized/staggered),FALSE,FALSE,NA
Nordeste,AL,Alagoas,5,2022-03-27,2023-01-08,2022-06-26,42,12051,762,30,4.376612192344746,0.2778293107691471,0.6972646417184092,102,0.29411764705882354,Asynchronous (localized/staggered),FALSE,FALSE,NA
Nordeste,AL,Alagoas,6,2023-03-26,2023-04-16,2023-04-02,4,146,47,3,2.034697351336038,-0.03337901017535688,1,102,0.029411764705882353,Asynchronous (localized/staggered),FALSE,FALSE,NA
Nordeste,BA,Bahia,1,2014-12-28,2016-07-17,2016-02-21,82,80456,5537,189,18.245747198228457,0.15072772407843826,0.29876561737890667,416,0.4543269230769231,Asynchronous (localized/staggered),TRUE,TRUE,NA
Nordeste,BA,Bahia,2,2016-12-25,2017-07-09,2017-01-15,29,9887,690,40,8.88697823608706,0.06132877528078703,0.48005808325266214,416,0.09615384615384616,Asynchronous (localized/staggered),FALSE,FALSE,NA
Nordeste,BA,Bahia,3,2018-05-06,2018-06-10,2018-06-03,6,1072,203,7,1.2587010842452675,-0.02706566267207804,0.9287816362566216,416,0.016826923076923076,Asynchronous (localized/staggered),FALSE,FALSE,NA
Nordeste,BA,Bahia,4,2019-04-07,2020-11-15,2020-05-10,85,58661,3005,164,18.01945181304549,0.22367635673258482,0.4509294696555495,416,0.3942307692307692,Asynchronous (localized/staggered),FALSE,FALSE,NA
Nordeste,BA,Bahia,5,2021-01-03,2021-07-18,2021-03-14,29,15731,1080,63,6.43205260330763,0.12961559204635187,0.4334763948497854,416,0.15144230769230768,Asynchronous (localized/staggered),FALSE,FALSE,NA
Nordeste,BA,Bahia,6,2021-11-28,2022-08-07,2022-03-06,37,23328,1368,102,6.909853246269804,0.20967369595296556,0.2263995490221586,416,0.24519230769230768,Asynchronous (localized/staggered),FALSE,FALSE,NA
Nordeste,BA,Bahia,7,2022-11-20,2023-09-03,2023-04-30,42,22496,933,103,8.331027285985039,0.1507795768736064,0.27061878749888063,416,0.24759615384615385,Asynchronous (localized/staggered),FALSE,FALSE,NA
Nordeste,BA,Bahia,8,2024-01-07,2024-07-14,2024-03-17,28,26111,2598,103,2.9991946243713983,0.2924517515720207,0.492964882877967,416,0.24759615384615385,Asynchronous (localized/staggered),FALSE,FALSE,NA
Nordeste,CE,Ceará,1,2016-02-07,2018-06-17,2017-04-30,124,194224,12843,163,15.702058827772268,0.2859424714828359,0.5514584564776027,184,0.8858695652173914,Asynchronous (localized/staggered),TRUE,FALSE,NA
Nordeste,CE,Ceará,2,2019-02-03,2019-06-30,2019-05-05,22,4364,316,41,5.084392673712589,0.14183210153799358,0.41012048192771083,184,0.22282608695652173,Asynchronous (localized/staggered),FALSE,FALSE,NA
Nordeste,CE,Ceará,3,2020-02-02,2020-03-08,2020-03-01,6,692,147,11,1.864514250956526,0.15879626704985006,0.6622864651773982,184,0.059782608695652176,Asynchronous (localized/staggered),FALSE,FALSE,NA
Nordeste,CE,Ceará,4,2020-04-19,2020-08-02,2020-04-26,16,1661,129,31,5.73063294409511,0.04637365768631524,0.4068462401795735,184,0.16847826086956522,Asynchronous (localized/staggered),FALSE,FALSE,NA
Nordeste,CE,Ceará,5,2021-04-11,2021-08-22,2021-06-27,20,3344,274,34,4.008666912918323,0.08683311659242017,0.4938483547925608,184,0.18478260869565216,Asynchronous (localized/staggered),FALSE,FALSE,NA
Nordeste,CE,Ceará,6,2021-12-05,2023-08-06,2022-05-15,88,89068,5070,144,10.727802722310594,0.2692407961917545,0.47098551795974597,184,0.782608695652174,Asynchronous (localized/staggered),FALSE,FALSE,NA
Nordeste,CE,Ceará,7,2024-01-21,2024-08-18,2024-03-31,31,8692,651,79,5.581817192442253,0.2990038701611085,0.20431721112778484,184,0.42934782608695654,Asynchronous (localized/staggered),FALSE,FALSE,NA
Nordeste,MA,Maranhão,1,2016-01-10,2016-07-17,2016-05-01,28,13923,1472,55,3.3840914289802155,0.20843220353679062,0.4911341101541579,215,0.2558139534883721,Asynchronous (localized/staggered),TRUE,FALSE,NA
Nordeste,MA,Maranhão,2,2017-01-15,2017-07-09,2017-04-16,26,7156,584,37,3.869709395888627,0.0906240065419391,0.5234224304216037,215,0.17209302325581396,Asynchronous (localized/staggered),FALSE,FALSE,NA
Nordeste,MA,Maranhão,3,2022-03-06,2022-08-28,2022-05-29,26,2728,156,17,8.92489913219456,0.09937661143802774,0.5774088776614941,215,0.07906976744186046,Asynchronous (localized/staggered),FALSE,FALSE,NA
Nordeste,MA,Maranhão,4,2023-01-29,2023-08-06,2023-04-30,28,3753,211,18,5.528203674178327,0.07312424493389179,0.765474014102899,215,0.08372093023255814,Asynchronous (localized/staggered),FALSE,FALSE,NA
Nordeste,MA,Maranhão,5,2024-02-11,2024-04-28,2024-03-31,12,1741,194,18,2.104872453670093,0.2715167126562047,0.5056497175141242,215,0.08372093023255814,Asynchronous (localized/staggered),FALSE,FALSE,NA
Nordeste,PB,Paraíba,1,2016-01-24,2016-09-11,2016-05-08,34,20553,1353,98,5.080178047718201,0.21600453599103323,0.31133200795228627,221,0.4434389140271493,Asynchronous (localized/staggered),TRUE,FALSE,NA
Nordeste,PB,Paraíba,2,2017-05-07,2017-09-03,2017-06-04,18,1111,103,8,5.315534572259824,0.07661984668395201,0.8041958041958042,221,0.03619909502262444,Asynchronous (localized/staggered),FALSE,FALSE,NA
Nordeste,PB,Paraíba,3,2018-04-29,2018-07-15,2018-06-10,12,615,63,5,4.07898358318363,-0.004787637214476095,0.8888888888888888,221,0.02262443438914027,Asynchronous (localized/staggered),FALSE,FALSE,NA
Nordeste,PB,Paraíba,4,2019-03-24,2019-09-01,2019-04-28,24,1317,120,10,6.579621396955767,0.09996677972542276,0.7378892733564014,221,0.04524886877828054,Asynchronous (localized/staggered),FALSE,FALSE,NA
Nordeste,PB,Paraíba,5,2020-05-03,2020-09-13,2020-06-28,20,1713,150,11,3.985210865695425,0.23620992327772833,0.6922133660331086,221,0.049773755656108594,Asynchronous (localized/staggered),FALSE,FALSE,NA
Nordeste,PB,Paraíba,6,2021-01-10,2022-11-20,2022-05-01,98,36585,1315,120,23.431432250517084,0.17290336607746568,0.3522862273794723,221,0.5429864253393665,Asynchronous (localized/staggered),FALSE,FALSE,NA
Nordeste,PB,Paraíba,7,2023-01-29,2023-06-25,2023-04-02,22,1333,112,12,5.476029339113953,0.027440577000139365,0.6416739319965127,221,0.05429864253393665,Asynchronous (localized/staggered),FALSE,FALSE,NA
Nordeste,PB,Paraíba,8,2024-01-28,2024-09-08,2024-03-03,33,5101,467,30,2.3415843734105035,0.32736915009539863,0.7630513530790539,221,0.13574660633484162,Mixed / intermediate,FALSE,FALSE,NA
Nordeste,PE,Pernambuco,1,2015-08-30,2016-10-23,2016-02-21,61,68838,5365,144,4.751033730059872,0.30223814773067,0.320468022792188,185,0.7783783783783784,Asynchronous (localized/staggered),TRUE,FALSE,NA
Nordeste,PE,Pernambuco,2,2016-12-04,2017-08-13,2017-05-14,37,4552,180,25,10.19101766126698,0.02299912906826325,0.6148356401384083,185,0.13513513513513514,Asynchronous (localized/staggered),FALSE,FALSE,NA
Nordeste,PE,Pernambuco,3,2018-04-08,2018-05-13,2018-05-06,6,704,144,19,3.201303260796965,0.08130915585564048,0.41658900279589933,185,0.10270270270270271,Asynchronous (localized/staggered),FALSE,FALSE,NA
Nordeste,PE,Pernambuco,4,2019-02-03,2019-10-27,2019-04-21,39,8064,417,41,9.28541927180793,0.14611561476482465,0.5548259199603519,185,0.22162162162162163,Asynchronous (localized/staggered),FALSE,FALSE,NA
Nordeste,PE,Pernambuco,5,2020-04-26,2020-11-15,2020-06-28,30,7025,459,29,6.570583307122379,0.07635358079297663,0.5495145631067961,185,0.15675675675675677,Asynchronous (localized/staggered),FALSE,FALSE,NA
Nordeste,PE,Pernambuco,6,2021-01-10,2023-09-17,2021-05-30,141,78038,2390,129,25.7859573861007,0.19961118471282036,0.3344636527658703,185,0.6972972972972973,Asynchronous (localized/staggered),FALSE,FALSE,NA
Nordeste,PE,Pernambuco,7,2023-10-29,2024-10-20,2024-03-03,52,15708,1002,70,6.98335850217164,0.29060592546242736,0.3402231803195536,185,0.3783783783783784,Asynchronous (localized/staggered),FALSE,FALSE,NA
Nordeste,PI,Piauí,1,2015-03-29,2015-04-26,2015-04-19,5,216,55,2,1.009197317346082,NA,1,205,0.00975609756097561,Mixed / intermediate,TRUE,FALSE,NA
Nordeste,PI,Piauí,2,2016-03-20,2016-08-07,2016-05-01,21,2726,293,15,2.511893877992109,0.1876626257376424,0.7561067267944381,205,0.07317073170731707,Asynchronous (localized/staggered),FALSE,FALSE,NA
Nordeste,PI,Piauí,3,2017-02-26,2017-10-08,2017-06-18,33,7807,524,24,4.146156459678842,0.32496508579319733,0.7437238493723849,205,0.11707317073170732,Asynchronous (localized/staggered),FALSE,FALSE,NA
Nordeste,PI,Piauí,4,2019-03-17,2019-07-07,2019-04-21,17,901,79,4,3.3205296245464235,0.12285304941754685,0.9776833156216791,205,0.01951219512195122,Asynchronous (localized/staggered),FALSE,FALSE,NA
Nordeste,PI,Piauí,5,2022-01-23,2022-09-11,2022-04-24,34,11961,1022,56,4.161951586894081,0.2545160546236802,0.5618054957360669,205,0.2731707317073171,Asynchronous (localized/staggered),FALSE,FALSE,NA
Nordeste,PI,Piauí,6,2023-01-01,2023-07-30,2023-04-23,31,4919,335,21,4.5623714863433875,0.13077477602037718,0.7183699594623426,205,0.1024390243902439,Asynchronous (localized/staggered),FALSE,FALSE,NA
Nordeste,PI,Piauí,7,2024-02-11,2024-06-09,2024-03-03,18,995,97,5,2.7306442285543633,0.28797501676811427,0.8987341772151899,205,0.024390243902439025,Asynchronous (localized/staggered),FALSE,FALSE,NA
Nordeste,RN,Rio Grande do Norte,1,2015-01-11,2015-04-26,2015-02-22,16,4352,715,21,1.8319146704304468,0.27337141739240894,0.6430128360377816,168,0.125,Asynchronous (localized/staggered),TRUE,FALSE,NA
Nordeste,RN,Rio Grande do Norte,2,2015-12-27,2016-10-09,2016-03-13,42,27164,1984,93,5.915443440844963,0.2520595549178655,0.48223198986813676,168,0.5535714285714286,Asynchronous (localized/staggered),FALSE,FALSE,NA
Nordeste,RN,Rio Grande do Norte,3,2017-01-01,2017-09-17,2017-06-18,38,2029,91,16,9.4562942468643,0.06381464521737842,0.7868852459016393,168,0.09523809523809523,Asynchronous (localized/staggered),FALSE,FALSE,NA
Nordeste,RN,Rio Grande do Norte,4,2018-01-07,2018-09-16,2018-07-15,37,3215,240,15,8.286086142663228,0.0859790915962185,0.7610474631751227,168,0.08928571428571429,Asynchronous (localized/staggered),FALSE,FALSE,NA
Nordeste,RN,Rio Grande do Norte,5,2019-02-24,2020-10-11,2019-06-30,86,22768,842,68,22.89863461674424,0.10244979210499844,0.6672918899607002,168,0.40476190476190477,Asynchronous (localized/staggered),FALSE,FALSE,NA
Nordeste,RN,Rio Grande do Norte,6,2021-01-31,2023-08-13,2022-05-29,133,28454,1204,112,25.607214617748337,0.27373646957934084,0.24218086611944523,168,0.6666666666666666,Asynchronous (localized/staggered),FALSE,FALSE,NA
Nordeste,RN,Rio Grande do Norte,7,2023-12-31,2024-10-06,2024-03-10,41,5889,562,56,3.7899476768631435,0.41791748089755354,0.24889462048636699,168,0.3333333333333333,Mixed / intermediate,FALSE,FALSE,NA
Nordeste,SE,Sergipe,1,2015-02-22,2015-04-19,2015-03-01,9,300,49,6,2.7238136576794045,0.03710487032335863,0.6585365853658537,75,0.08,Asynchronous (localized/staggered),TRUE,FALSE,NA
Nordeste,SE,Sergipe,2,2015-08-30,2017-02-05,2016-02-28,76,14028,756,39,9.150294895662977,0.13561535739349392,0.5473084960726382,75,0.52,Asynchronous (localized/staggered),FALSE,FALSE,NA
Nordeste,SE,Sergipe,3,2017-03-26,2017-05-07,2017-04-30,7,222,51,3,1.0665989351959662,0.21997517457125518,1,75,0.04,Asynchronous (localized/staggered),FALSE,FALSE,NA
Nordeste,SE,Sergipe,4,2019-06-23,2019-09-08,2019-07-07,12,376,45,6,5.190302531195797,0.017356211764518552,0.7786069651741293,75,0.08,Asynchronous (localized/staggered),FALSE,FALSE,NA
Nordeste,SE,Sergipe,5,2020-05-03,2020-12-06,2020-08-02,32,4808,332,20,3.8685582539726875,0.24665856322559407,0.6938775510204082,75,0.26666666666666666,Asynchronous (localized/staggered),FALSE,FALSE,NA
Nordeste,SE,Sergipe,6,2021-01-10,2024-08-11,2022-05-15,188,21095,335,56,28.76650772319452,0.08478940756901845,0.42491921687892037,75,0.7466666666666667,Asynchronous (localized/staggered),FALSE,FALSE,NA
Sudeste,ES,Espírito Santo,1,2017-01-08,2017-05-14,2017-04-09,19,1041,77,10,3.2322139699484502,0.06665743133431783,0.691683569979716,78,0.1282051282051282,Asynchronous (localized/staggered),TRUE,FALSE,NA
Sudeste,ES,Espírito Santo,2,2018-03-25,2018-07-08,2018-04-08,16,733,61,10,6.206126513159222,0.038160424545430845,0.611183355006502,78,0.1282051282051282,Asynchronous (localized/staggered),FALSE,FALSE,NA
Sudeste,ES,Espírito Santo,3,2019-03-17,2019-08-25,2019-05-05,24,2056,149,19,4.535290720807352,0.17405623293729908,0.5410821643286573,78,0.24358974358974358,Asynchronous (localized/staggered),FALSE,FALSE,NA
Sudeste,ES,Espírito Santo,4,2019-10-13,2020-03-29,2020-03-01,25,5631,464,6,3.000559126914335,0.11080666720971673,0.9828136073706591,78,0.07692307692307693,Asynchronous (localized/staggered),FALSE,FALSE,NA
Sudeste,ES,Espírito Santo,5,2022-02-20,2022-07-31,2022-05-01,24,2015,150,17,5.0557037816767005,0.07383622520977359,0.584246218049035,78,0.21794871794871795,Asynchronous (localized/staggered),FALSE,FALSE,NA
Sudeste,ES,Espírito Santo,6,2022-11-06,2024-12-29,2024-03-10,113,41511,1348,55,29.50807230914292,0.24691719996976086,0.3323525155564131,78,0.7051282051282052,Asynchronous (localized/staggered),FALSE,FALSE,NA
Sudeste,MG,Minas Gerais,1,2017-01-15,2017-06-25,2017-03-19,24,18584,2002,37,4.3484877777172715,0.1765354970553731,0.7667165135654774,811,0.04562268803945746,Asynchronous (localized/staggered),TRUE,FALSE,NA
Sudeste,MG,Minas Gerais,2,2018-01-07,2018-05-27,2018-04-08,21,11512,1136,20,3.03799990862512,0.10297516009359958,0.8607808415549372,811,0.02466091245376079,Asynchronous (localized/staggered),FALSE,FALSE,NA
Sudeste,MG,Minas Gerais,3,2019-03-31,2019-05-12,2019-05-05,7,1706,274,27,4.01666429655511,0.07209454839877319,0.3850045998160074,811,0.03329223181257707,Asynchronous (localized/staggered),FALSE,FALSE,NA
Sudeste,MG,Minas Gerais,4,2021-02-28,2021-06-13,2021-03-21,16,5115,383,24,5.043000516419561,0.11268907792414926,0.6338348495451365,811,0.029593094944512947,Asynchronous (localized/staggered),FALSE,FALSE,NA
Sudeste,MG,Minas Gerais,5,2022-02-27,2022-06-12,2022-03-27,16,8614,829,38,2.8040760854071665,0.22602301532813054,0.5682722050375607,811,0.0468557336621455,Asynchronous (localized/staggered),FALSE,FALSE,NA
Sudeste,MG,Minas Gerais,6,2022-11-20,2024-12-15,2024-02-25,109,332769,15102,369,24.717428975164857,0.20582873352917033,0.2341829692252396,811,0.45499383477188654,Asynchronous (localized/staggered),FALSE,FALSE,NA
Sudeste,RJ,Rio de Janeiro,1,2016-02-21,2016-07-17,2016-04-10,22,17633,1840,29,1.0938316697009085,0.3269215052600364,0.8589868749322053,93,0.3118279569892473,Mixed / intermediate,TRUE,FALSE,NA
Sudeste,RJ,Rio de Janeiro,2,2018-01-07,2020-03-08,2019-05-05,114,148492,7411,72,24.999259514329797,0.38968480060681204,0.5228066646552013,93,0.7741935483870968,Asynchronous (localized/staggered),FALSE,FALSE,NA
Sudeste,RJ,Rio de Janeiro,3,2024-01-07,2024-05-12,2024-02-25,19,4891,438,23,6.964160108039655,0.20181219966846103,0.6068902991840435,93,0.24731182795698925,Asynchronous (localized/staggered),FALSE,FALSE,NA
Sudeste,SP,São Paulo,1,2021-01-31,2021-05-23,2021-03-14,17,22517,2165,18,1.4421012510834277,0.2842597951252427,0.8406870860927153,611,0.029459901800327332,Asynchronous (localized/staggered),TRUE,FALSE,NA
Sudeste,SP,São Paulo,2,2024-01-07,2024-06-23,2024-05-05,25,22804,1345,98,5.846215379523611,0.18863020485654947,0.3350889019971349,611,0.16039279869067102,Asynchronous (localized/staggered),FALSE,FALSE,NA
Sul,PR,Paraná,1,2016-02-14,2016-04-03,2016-02-28,8,1526,298,21,2.409206147411362,0.2098638463013116,0.4489795918367347,352,0.05965909090909091,Asynchronous (localized/staggered),TRUE,FALSE,NA
Sul,PR,Paraná,2,2023-02-26,2023-05-14,2023-03-19,12,2771,317,18,2.23483624430142,0.25323117162141306,0.7548005908419497,352,0.05113636363636364,Asynchronous (localized/staggered),FALSE,FALSE,NA
Sul,RS,Rio Grande do Sul,NA,NA,NA,NA,NA,NA,NA,NA,NA,NA,NA,NA,NA,No major epidemic detected,FALSE,FALSE,43
Sul,SC,Santa Catarina,NA,NA,NA,NA,NA,NA,NA,NA,NA,NA,NA,NA,NA,No major epidemic detected,FALSE,FALSE,42
Centro-Oeste,DF,Distrito Federal,1,2016-01-24,2016-04-24,2016-02-28,14,636,66,1,NA,NA,1,27,0.037037037037037035,Single-municipality dominated,TRUE,FALSE,NA
Centro-Oeste,DF,Distrito Federal,2,2020-01-12,2020-06-14,2020-05-03,23,1291,87,1,NA,NA,1,27,0.037037037037037035,Single-municipality dominated,FALSE,FALSE,NA
Centro-Oeste,DF,Distrito Federal,3,2022-03-27,2022-05-15,2022-05-01,8,283,49,1,NA,NA,1,27,0.037037037037037035,Single-municipality dominated,FALSE,FALSE,NA
Centro-Oeste,DF,Distrito Federal,4,2023-01-29,2023-05-21,2023-02-26,17,582,42,1,NA,NA,1,27,0.037037037037037035,Single-municipality dominated,FALSE,FALSE,NA
Centro-Oeste,DF,Distrito Federal,5,2023-12-31,2024-04-21,2024-03-17,17,1051,94,1,NA,NA,1,27,0.037037037037037035,Single-municipality dominated,FALSE,FALSE,NA
Centro-Oeste,GO,Goiás,1,2022-01-02,2022-06-26,2022-03-27,26,5264,314,24,4.253269104562389,0.19948955333019364,0.77447216890595,234,0.10256410256410256,Asynchronous (localized/staggered),TRUE,FALSE,NA
Centro-Oeste,GO,Goiás,2,2023-02-05,2023-06-25,2023-04-16,21,2402,181,19,5.227734716929181,0.11406955268654627,0.5458550260312375,234,0.0811965811965812,Asynchronous (localized/staggered),FALSE,FALSE,NA
Centro-Oeste,GO,Goiás,3,2023-11-26,2024-07-14,2024-03-10,34,14215,754,40,6.102019061457944,0.28910983710497495,0.671586187132827,234,0.17094017094017094,Asynchronous (localized/staggered),FALSE,FALSE,NA
Centro-Oeste,MS,Mato Grosso do Sul,1,2019-02-17,2019-03-24,2019-02-17,6,183,40,4,0.919136417460794,0.09455862393618324,0.8535353535353535,79,0.05063291139240506,Asynchronous (localized/staggered),TRUE,FALSE,NA
Centro-Oeste,MS,Mato Grosso do Sul,2,2022-02-20,2024-12-29,2024-03-10,150,53533,2229,72,25.674096712273847,0.4094978324151225,0.2793100870800164,79,0.9113924050632911,Asynchronous (localized/staggered),FALSE,FALSE,NA
Centro-Oeste,MT,Mato Grosso,1,2015-12-06,2016-04-17,2016-02-21,20,1406,121,13,3.6674780824507103,0.15033174980342992,0.6822351959966639,138,0.09420289855072464,Asynchronous (localized/staggered),TRUE,FALSE,NA
Centro-Oeste,MT,Mato Grosso,2,2017-01-01,2017-07-09,2017-03-26,28,3372,258,8,1.1181839867789929,0.17847420149415677,0.9552821128451381,138,0.057971014492753624,Asynchronous (localized/staggered),FALSE,FALSE,NA
Centro-Oeste,MT,Mato Grosso,3,2017-12-03,2018-07-08,2018-01-21,32,14022,1333,19,3.7654014947639176,0.19397118950549247,0.9134292051227015,138,0.13768115942028986,Asynchronous (localized/staggered),FALSE,FALSE,NA
Centro-Oeste,MT,Mato Grosso,4,2020-01-12,2020-03-08,2020-02-02,9,390,50,7,2.4412885968284197,-0.011212475713685967,0.7535211267605634,138,0.050724637681159424,Asynchronous (localized/staggered),FALSE,FALSE,NA
Centro-Oeste,MT,Mato Grosso,5,2023-12-31,2024-12-29,2024-05-05,53,25726,1430,66,10.73805429149827,0.17208329445316167,0.5444064061700704,138,0.4782608695652174,Asynchronous (localized/staggered),FALSE,FALSE,NA
