state,year,observed_cases,lambda_q025,lambda_median,lambda_q975,attack_prob_q025,attack_prob_median,attack_prob_q975,infections_q025,infections_median,infections_q975,S_start_prop_q025,S_start_prop_median,S_start_prop_q975,S_end_prop_q025,S_end_prop_median,S_end_prop_q975
CE,2015,25,4.89E-04,0.007016845,0.016869531,4.89E-04,0.006992285,0.016728037,4312.638744,61645.50687,147478.0241,100.0%,100.0%,100.0%,98.4%,99.3%,100.0%
CE,2016,30862,0.004350179,0.013632632,0.037032331,0.00434073,0.013540129,0.03635502,38197.01245,118879.0958,320765.5386,98.4%,99.3%,100.0%,95.9%,97.8%,99.3%
CE,2017,107421,0.007493685,0.020760975,0.089448721,0.007465677,0.020546949,0.085564844,65217.41398,178182.2916,748203.4184,95.9%,97.8%,99.3%,89.7%,95.5%,97.5%
CE,2018,1454,9.20E-04,0.009276555,0.020140759,9.19E-04,0.009233661,0.019939289,7595.082674,79230.09141,170258.874,89.7%,95.5%,97.5%,89.4%,94.5%,96.6%
CE,2019,1202,0.001082243,0.008885382,0.020058753,0.001081658,0.008846023,0.019858914,9020.972128,75521.79241,168379.795,89.4%,94.5%,96.6%,89.1%,93.5%,95.8%
CE,2020,1013,9.84E-04,0.008990284,0.020366292,9.84E-04,0.008949992,0.0201603,8220.236202,75889.62651,171807.4922,89.1%,93.5%,95.8%,88.6%,92.7%,95.1%
CE,2021,1318,9.74E-04,0.009198153,0.020328189,9.74E-04,0.00915598,0.020122964,8158.531383,77995.78692,169227.9116,88.6%,92.7%,95.1%,88.2%,91.9%,94.5%
CE,2022,50986,0.005390996,0.015776151,0.051384399,0.00537649,0.01565236,0.050086545,45370.70587,130832.9529,422186.6848,88.2%,91.9%,94.5%,86.0%,90.2%,93.2%
CE,2023,2017,0.00113567,0.009731225,0.020943159,0.001135025,0.00968403,0.020725374,9171.509349,80609.98536,169451.1476,86.0%,90.2%,93.2%,85.4%,89.5%,92.4%
CE,2024,890,8.95E-04,0.009051367,0.020226031,8.95E-04,0.009010526,0.020022857,7302.096683,75006.14555,164494.8363,85.4%,89.5%,92.4%,84.9%,88.8%,91.7%
CE,2025,683,8.53E-04,0.008758441,0.019445249,8.53E-04,0.008720197,0.01925741,6992.412832,72143.62871,155403.92,84.9%,88.8%,91.7%,84.2%,88.2%,91.2%
AM,2015,0,6.09E-04,0.004347947,0.013579155,6.09E-04,0.004338508,0.013487374,2350.966065,16742.7796,52049.25931,100.0%,100.0%,100.0%,98.7%,99.6%,99.9%
AM,2016,100,0.003591362,0.011537534,0.026856534,0.00358492,0.011471232,0.026499104,13891.34948,44354.61492,102688.3679,98.7%,99.6%,99.9%,96.9%,98.3%,99.4%
AM,2017,88,0.003689811,0.011119417,0.025596252,0.003683012,0.011057824,0.025271445,14141.35244,42776.0499,97943.58485,96.9%,98.3%,99.4%,95.4%,97.2%,98.7%
AM,2018,7,0.001357727,0.006756533,0.015931048,0.001356805,0.006733759,0.01580482,5257.151806,25967.89614,61163.73111,95.4%,97.2%,98.7%,94.5%,96.6%,98.3%
AM,2019,46,0.002641797,0.009348765,0.020742229,0.002638311,0.009305201,0.020528588,10425.4976,36347.98324,80770.21684,94.5%,96.6%,98.3%,93.3%,95.7%,97.7%
AM,2020,10,0.00164313,0.007181162,0.015817549,0.001641781,0.007155439,0.015693109,6436.533144,28081.19989,61068.16562,93.3%,95.7%,97.7%,92.3%,95.1%,97.4%
AM,2021,122,0.004144732,0.012112875,0.028692313,0.004136155,0.012039809,0.028284598,16464.54579,47233.57008,111813.512,92.3%,95.1%,97.4%,91.1%,94.0%,96.5%
AM,2022,142,0.004531833,0.012793508,0.031515432,0.00452158,0.012712019,0.031023996,17931.0777,49832.60078,122955.4972,91.1%,94.0%,96.5%,89.7%,92.8%,95.4%
AM,2023,192,0.005346902,0.014614969,0.0377022,0.005332632,0.014508689,0.03700032,20666.06784,56593.29861,144969.6804,89.7%,92.8%,95.4%,88.0%,91.4%,94.1%
AM,2024,44,0.002539616,0.009325499,0.021304221,0.002536394,0.009282152,0.021078889,9824.017509,36259.14614,82369.05415,88.0%,91.4%,94.1%,87.1%,90.7%,93.5%
AM,2025,160,0.004850059,0.013507664,0.034153723,0.004838316,0.013416845,0.033577069,18864.08583,51870.10022,132832.3397,87.1%,90.7%,93.5%,85.9%,89.5%,92.4%
SP,2015,75,0.001151875,0.008934601,0.022637553,0.001151211,0.008894806,0.022383247,50904.18788,393309.9357,989740.8524,100.0%,100.0%,100.0%,97.8%,99.1%,99.9%
SP,2016,690,0.002108806,0.011805539,0.026523352,0.002106584,0.011736127,0.026174697,93240.16015,516313.9512,1150162.254,97.8%,99.1%,99.9%,95.7%,97.9%,99.6%
SP,2017,656,0.002017687,0.011623983,0.024920825,0.002015653,0.011556686,0.024612865,88892.21388,504379.0702,1063949.36,95.7%,97.9%,99.6%,93.9%,96.8%,99.2%
SP,2018,381,0.00178607,0.011092364,0.02435944,0.001784476,0.011031071,0.024065144,78748.95418,477506.5723,1032996.549,93.9%,96.8%,99.2%,92.2%,95.7%,98.8%
SP,2019,341,0.001549832,0.01094296,0.024768754,0.001548631,0.010883304,0.024464525,68902.29369,470900.52,1051740.904,92.2%,95.7%,98.8%,90.5%,94.7%,98.5%
SP,2020,211,0.001309666,0.010156123,0.023898207,0.001308809,0.010104724,0.023614907,58100.74451,434465.9379,989733.2538,90.5%,94.7%,98.5%,88.9%,93.7%,98.2%
SP,2021,13557,0.009058761,0.0255074,0.080933246,0.009017854,0.025184834,0.077744746,381981.9479,1064977.272,3417131.861,88.9%,93.7%,98.2%,86.7%,91.0%,94.7%
SP,2022,910,0.002296046,0.01253083,0.02733816,0.002293412,0.012452646,0.026967854,95777.03034,518280.7362,1107328.793,86.7%,91.0%,94.7%,85.2%,90.0%,94.1%
SP,2023,2867,0.004516099,0.015218143,0.035490536,0.004505917,0.015102932,0.034868132,185948.3418,620960.6926,1426843.878,85.2%,90.0%,94.1%,83.5%,88.6%,93.1%
SP,2024,9656,0.008128813,0.022097159,0.069314843,0.008095863,0.021854805,0.066967125,330374.5958,877756.6406,2778477.261,83.5%,88.6%,93.1%,81.3%,86.5%,90.5%
SP,2025,7462,0.007646189,0.020245393,0.057226127,0.007617031,0.020041831,0.055619504,301800.1962,786794.4734,2211210.354,81.3%,86.5%,90.5%,79.3%,84.6%,88.7%
AC,2015,0,3.33E-04,0.002784465,0.008704864,3.33E-04,0.002780592,0.008667087,274.9742275,2298.651796,7164.881302,100.0%,100.0%,100.0%,99.2%,99.7%,100.0%
AC,2016,63,0.001759988,0.006283814,0.013690049,0.00175844,0.006264112,0.013596766,1459.785986,5186.434434,11259.04846,99.2%,99.7%,100.0%,98.2%,99.1%,99.7%
AC,2017,69,0.00188072,0.006375658,0.014458964,0.001878953,0.006355377,0.014354936,1568.482718,5290.330185,11932.9571,98.2%,99.1%,99.7%,97.2%,98.4%,99.3%
AC,2018,237,0.003609472,0.009621379,0.025969214,0.003602966,0.009575242,0.025634914,2985.28796,7968.887608,21293.1929,97.2%,98.4%,99.3%,95.8%,97.4%,98.5%
AC,2019,46,0.001685082,0.005826088,0.01299224,0.001683663,0.005809149,0.012908205,1403.343002,4841.056705,10714.56149,95.8%,97.4%,98.5%,95.1%,96.9%,98.2%
AC,2020,49,0.001495919,0.005933391,0.012861968,0.001494801,0.005915823,0.012779607,1245.785019,4925.94524,10628.85399,95.1%,96.9%,98.2%,94.4%,96.4%,97.8%
AC,2021,208,0.003682119,0.009188945,0.024704783,0.003675348,0.009146856,0.024402117,3046.541938,7606.682619,20300.78469,94.4%,96.4%,97.8%,93.2%,95.4%,97.0%
AC,2022,17,9.84E-04,0.004905016,0.011003626,9.83E-04,0.004893006,0.010943307,815.1577443,4068.520831,9042.127339,93.2%,95.4%,97.0%,92.6%,95.0%,96.7%
AC,2023,68,0.001997459,0.006408838,0.014233771,0.001995465,0.006388345,0.01413295,1669.656748,5321.356396,11716.17625,92.6%,95.0%,96.7%,91.9%,94.5%,96.3%
AC,2024,183,0.003071303,0.008543388,0.022561994,0.003066592,0.008506997,0.022309376,2533.495247,7053.694491,18502.01683,91.9%,94.5%,96.3%,90.9%,93.7%,95.7%
AC,2025,44,0.001593652,0.005819479,0.012675438,0.001592383,0.005802579,0.012595443,1312.179144,4799.274498,10320.38424,90.9%,93.7%,95.7%,90.2%,93.2%,95.4%
AL,2015,95,6.72E-04,0.005009563,0.011973563,6.71E-04,0.004997036,0.011902166,2135.735382,15896.46204,37862.90704,100.0%,100.0%,100.0%,98.8%,99.5%,99.9%
AL,2016,9304,0.00507933,0.012879147,0.038616904,0.005066452,0.012796565,0.037880778,16003.4484,40517.30034,120400.5225,98.8%,99.5%,99.9%,96.0%,98.1%,99.1%
AL,2017,434,0.00104691,0.006258906,0.013584062,0.001046362,0.00623936,0.013492215,3265.186872,19543.35091,42305.73742,96.0%,98.1%,99.1%,95.6%,97.4%,98.6%
AL,2018,192,8.45E-04,0.005480978,0.012386548,8.44E-04,0.005465985,0.01231015,2618.927753,17103.25251,38190.65557,95.6%,97.4%,98.6%,95.2%,96.9%,98.2%
AL,2019,1513,0.001795773,0.007576877,0.015987382,0.001794161,0.007548245,0.015860262,5546.406146,23425.43689,49543.70394,95.2%,96.9%,98.2%,94.3%,96.2%,97.8%
AL,2020,146,7.65E-04,0.005430332,0.012308669,7.64E-04,0.005415615,0.012233227,2364.004974,16776.43764,37555.58719,94.3%,96.2%,97.8%,93.7%,95.7%,97.5%
AL,2021,527,0.001060325,0.006370026,0.01383371,0.001059763,0.006349781,0.013738464,3297.005407,19573.9522,42130.40496,93.7%,95.7%,97.5%,92.9%,95.1%,97.2%
AL,2022,10479,0.005278294,0.013684827,0.044592929,0.005264388,0.013591615,0.04361328,15980.95235,41394.0108,134827.8794,92.9%,95.1%,97.2%,91.2%,93.6%,95.4%
AL,2023,876,0.001333638,0.00697312,0.014633159,0.001332749,0.006948865,0.014526615,4025.380601,20920.19293,44129.97691,91.2%,93.6%,95.4%,90.5%,93.1%,95.0%
AL,2024,410,9.38E-04,0.006198366,0.01380404,9.37E-04,0.006179195,0.013709201,2803.119124,18526.83603,40779.12549,90.5%,93.1%,95.0%,90.0%,92.6%,94.6%
AL,2025,3916,0.003255198,0.009417389,0.023511733,0.003249905,0.009373184,0.023237486,9560.494592,27842.53446,69457.4402,90.0%,92.6%,94.6%,89.1%,91.8%,93.8%
AP,2015,2,8.97E-04,0.005037084,0.012277303,8.97E-04,0.005024419,0.012202244,670.0855807,3753.492268,9115.686271,100.0%,100.0%,100.0%,98.8%,99.5%,99.9%
AP,2016,176,0.004024087,0.010327032,0.027119059,0.004016001,0.010273892,0.026754639,3009.318017,7676.91628,20044.25736,98.8%,99.5%,99.9%,96.9%,98.4%,99.3%
AP,2017,217,0.004479075,0.011256632,0.030430724,0.004469059,0.011193514,0.02997237,3365.71233,8360.293798,22427.66662,96.9%,98.4%,99.3%,95.0%,97.3%,98.5%
AP,2018,170,0.004101807,0.010302258,0.025306213,0.004093406,0.010249372,0.024988695,3081.275641,7658.420446,18694.61865,95.0%,97.3%,98.5%,93.5%,96.3%,97.8%
AP,2019,27,0.001703083,0.006960841,0.014998631,0.001701634,0.006936671,0.014886712,1264.005789,5189.61217,11079.2484,93.5%,96.3%,97.8%,92.9%,95.7%,97.4%
AP,2020,7,0.001148816,0.005770964,0.013109733,0.001148157,0.005754344,0.013024174,865.510619,4318.756754,9665.85434,92.9%,95.7%,97.4%,92.4%,95.2%,97.1%
AP,2021,76,0.002661045,0.008371977,0.019375858,0.002657507,0.008337029,0.019189353,1997.802907,6254.312783,14137.49798,92.4%,95.2%,97.1%,91.3%,94.5%,96.5%
AP,2022,25,0.001721882,0.006781055,0.014423027,0.0017204,0.006758116,0.014319513,1295.394237,5062.861015,10568.90332,91.3%,94.5%,96.5%,90.6%,93.9%,96.1%
AP,2023,41,0.001895852,0.007425769,0.016418792,0.001894056,0.007398267,0.016284739,1428.599734,5542.566149,12046.00047,90.6%,93.9%,96.1%,89.8%,93.3%,95.7%
AP,2024,241,0.004633688,0.011624976,0.030745223,0.004622969,0.011557667,0.030277395,3468.205821,8579.749698,22552.22239,89.8%,93.3%,95.7%,88.4%,92.2%,94.9%
AP,2025,60,0.002391062,0.00784504,0.017265445,0.002388206,0.007814348,0.017117251,1768.257807,5805.41502,12591.81846,88.4%,92.2%,94.9%,87.5%,91.6%,94.5%
BA,2015,254,0.001395064,0.005962713,0.012256947,0.001394092,0.005944972,0.012182136,20173.1293,86026.39798,176280.9555,100.0%,100.0%,100.0%,98.8%,99.4%,99.9%
BA,2016,6549,0.003479039,0.009267068,0.017581799,0.003472994,0.009224261,0.017428141,50117.54033,132782.634,251190.8937,98.8%,99.4%,99.9%,97.5%,98.5%,99.4%
BA,2017,6323,0.003524965,0.009220803,0.016877662,0.003518759,0.009178422,0.016736032,50563.07591,131382.1653,240090.7978,97.5%,98.5%,99.4%,96.4%,97.6%,98.8%
BA,2018,3266,0.002785939,0.008259357,0.014924832,0.002782062,0.008225342,0.014814009,39852.12123,117283.3295,210950.9283,96.4%,97.6%,98.8%,95.3%,96.8%,98.3%
BA,2019,5900,0.003504103,0.009189773,0.017440464,0.003497971,0.009147676,0.017289259,49808.36615,129917.8593,245483.0644,95.3%,96.8%,98.3%,94.2%,96.0%,97.7%
BA,2020,18947,0.005519893,0.011869067,0.028392278,0.005504686,0.011798907,0.027993005,78127.01629,166340.969,397335.5123,94.2%,96.0%,97.7%,92.7%,94.8%,96.6%
BA,2021,10085,0.004411417,0.010126106,0.021505686,0.004401701,0.01007501,0.021276087,61802.5026,140700.6077,296670.2395,92.7%,94.8%,96.6%,91.6%,93.9%,95.8%
BA,2022,14599,0.005305801,0.011168916,0.025289195,0.00529175,0.011106775,0.024972102,73473.5078,153562.7644,347021.6478,91.6%,93.9%,95.8%,90.3%,92.8%,94.8%
BA,2023,11714,0.004502845,0.010641728,0.022897971,0.004492723,0.010585305,0.022637802,61943.38458,145263.1275,311315.8378,90.3%,92.8%,94.8%,89.2%,91.9%,93.9%
BA,2024,13392,0.005037312,0.010878162,0.025246041,0.005024646,0.010819209,0.024930025,68591.01651,146975.4965,338135.7107,89.2%,91.9%,93.9%,88.1%,90.9%,93.1%
BA,2025,1595,0.00226457,0.007652415,0.013891041,0.002262008,0.00762321,0.013795005,30699.09554,103118.4542,184379.7032,88.1%,90.9%,93.1%,87.4%,90.3%,92.7%
DF,2015,0,3.96E-04,0.004240523,0.017058283,3.96E-04,0.004231544,0.016913614,1105.876709,11826.40916,47270.5249,100.0%,100.0%,100.0%,98.3%,99.6%,100.0%
DF,2016,66,0.001917899,0.009994122,0.024868982,0.001916061,0.009944346,0.024562297,5376.441942,27776.46055,68567.80865,98.3%,99.6%,100.0%,96.4%,98.5%,99.7%
DF,2017,40,0.001577226,0.009017635,0.024265984,0.001575983,0.008977098,0.023973932,4409.851392,25053.99565,66693.84234,96.4%,98.5%,99.7%,94.7%,97.6%,99.3%
DF,2018,11,0.001117463,0.007360112,0.020717148,0.001116839,0.007333093,0.020504022,3130.814398,20507.77253,56349.20723,94.7%,97.6%,99.3%,93.2%,96.9%,99.0%
DF,2019,40,0.001631114,0.009179077,0.023756013,0.001629784,0.009137078,0.02347606,4638.919451,25528.52208,64582.27785,93.2%,96.9%,99.0%,91.6%,96.0%,98.7%
DF,2020,58,0.00174437,0.009728256,0.025027632,0.001742849,0.00968109,0.024717037,4936.768083,26927.88155,68464.90527,91.6%,96.0%,98.7%,90.0%,95.1%,98.3%
DF,2021,113,0.002651161,0.011193463,0.028952477,0.002647649,0.011131049,0.02853737,7359.974201,30920.40509,78286.90352,90.0%,95.1%,98.3%,88.5%,94.1%,97.6%
DF,2022,476,0.005760899,0.019003174,0.054538961,0.005744337,0.018823752,0.053078385,16055.29344,51858.29037,147173.4507,88.5%,94.1%,97.6%,86.2%,92.1%,95.8%
DF,2023,578,0.00656793,0.021304137,0.067735206,0.006546408,0.021078807,0.065492107,17515.52872,57285.6473,179338.5788,86.2%,92.1%,95.8%,83.7%,89.9%,93.9%
DF,2024,355,0.005184247,0.01678154,0.0490399,0.005170832,0.016641514,0.047856861,13822.0357,44130.54798,127326.4619,83.7%,89.9%,93.9%,81.8%,88.3%,92.7%
DF,2025,230,0.004174876,0.014403216,0.037829432,0.004166173,0.014299986,0.037122837,10977.79793,37642.08276,96467.73495,81.8%,88.3%,92.7%,80.0%,87.1%,91.9%
ES,2015,3,5.55E-04,0.004662136,0.016544949,5.55E-04,0.004651285,0.016408833,2127.960888,17833.17904,62912.00762,100.0%,100.0%,100.0%,98.4%,99.5%,99.9%
ES,2016,91,9.85E-04,0.006795846,0.018816362,9.85E-04,0.006772806,0.01864044,3786.052386,25947.69099,71144.31165,98.4%,99.5%,99.9%,96.9%,98.9%,99.8%
ES,2017,747,0.001796225,0.009698527,0.024221133,0.001794613,0.009651648,0.023930156,6918.681693,37027.63942,91624.78059,96.9%,98.9%,99.8%,95.4%,97.8%,99.4%
ES,2018,549,0.001514505,0.009011267,0.02246092,0.001513359,0.008970787,0.022210551,5879.916667,34303.69223,84608.42791,95.4%,97.8%,99.4%,93.9%,97.0%,99.1%
ES,2019,2168,0.002895192,0.012343731,0.030440437,0.002891005,0.012267859,0.029981793,11226.30929,46903.34215,114943.0996,93.9%,97.0%,99.1%,92.3%,95.7%,98.3%
ES,2020,4001,0.003731895,0.014570249,0.039733997,0.00372494,0.014464616,0.038954954,14398.76312,54822.64882,149586.3173,92.3%,95.7%,98.3%,90.5%,94.1%,97.3%
ES,2021,1,5.01E-04,0.004406542,0.016182562,5.01E-04,0.004396848,0.016052328,1941.595553,16664.78037,59355.83278,90.5%,94.1%,97.3%,89.7%,93.7%,97.1%
ES,2022,1088,0.00206319,0.010419249,0.026099817,0.002061063,0.010365156,0.025762161,7874.842984,39004.06356,97202.31696,89.7%,93.7%,97.1%,88.3%,92.8%,96.6%
ES,2023,4942,0.004516685,0.016046652,0.044771242,0.004506501,0.01591859,0.043783801,17116.75261,59208.29608,166021.8442,88.3%,92.8%,96.6%,86.8%,91.2%,95.1%
ES,2024,12856,0.007700683,0.030307434,0.083569347,0.007671109,0.029852768,0.080172703,28025.79337,109938.0231,304788.8036,86.8%,91.2%,95.1%,84.3%,88.2%,91.3%
ES,2025,2177,0.002833008,0.012641744,0.032196245,0.002828999,0.012562173,0.031683464,10262.67072,45629.0571,115622.2697,84.3%,88.2%,91.3%,83.2%,87.1%,90.4%
GO,2015,2,3.91E-04,0.004842544,0.014752735,3.91E-04,0.004830838,0.014644446,2592.690372,32030.52579,97098.96254,100.0%,100.0%,100.0%,98.6%,99.5%,100.0%
GO,2016,40,5.96E-04,0.006297775,0.017100976,5.96E-04,0.006277986,0.016955585,3974.175773,41599.49946,112116.4214,98.6%,99.5%,100.0%,97.3%,98.8%,99.8%
GO,2017,51,6.62E-04,0.006495044,0.017816737,6.62E-04,0.006473997,0.017658958,4459.629909,43202.42229,117542.9427,97.3%,98.8%,99.8%,96.1%,98.2%,99.7%
GO,2018,10,4.88E-04,0.005364893,0.015532871,4.88E-04,0.005350528,0.015412858,3319.175547,35891.10309,101916.6649,96.1%,98.2%,99.7%,94.9%,97.6%,99.6%
GO,2019,4,4.25E-04,0.005082739,0.015183571,4.25E-04,0.005069844,0.015068881,2925.468531,34301.30913,100561.9048,94.9%,97.6%,99.6%,93.9%,97.1%,99.5%
GO,2020,0,1.29E-04,0.003242857,0.013005238,1.29E-04,0.003237604,0.012921036,895.4246295,21965.0568,85990.35354,93.9%,97.1%,99.5%,93.0%,96.7%,99.5%
GO,2021,465,0.001023567,0.007887238,0.021734215,0.001023044,0.007856215,0.021499729,7198.232248,53705.30494,146522.3209,93.0%,96.7%,99.5%,91.9%,95.9%,99.2%
GO,2022,4016,0.003264158,0.012596121,0.038867016,0.003258837,0.012517122,0.038121385,22516.10288,85541.92965,264298.6034,91.9%,95.9%,99.2%,90.5%,94.5%,98.0%
GO,2023,2861,0.002522363,0.01100603,0.033579538,0.002519184,0.010945685,0.033022003,17453.95479,74196.77743,228084.5425,90.5%,94.5%,98.0%,89.4%,93.4%,97.1%
GO,2024,10304,0.005562564,0.020708529,0.075638721,0.005547121,0.02049558,0.072848894,37235.20765,138698.1037,509685.6802,89.4%,93.4%,97.1%,87.2%,91.1%,94.0%
GO,2025,2113,0.002140303,0.010251946,0.030076304,0.002138014,0.010199574,0.029628513,14226.27441,68656.3423,201149.6617,87.2%,91.1%,94.0%,86.1%,90.2%,93.0%
MA,2015,32,0.000915019,0.006250445,0.016194872,9.15E-04,0.006230952,0.01606444,6248.019729,42566.2226,109742.8715,100.0%,100.0%,100.0%,98.4%,99.4%,99.9%
MA,2016,7231,0.00776285,0.020774835,0.060227433,0.007732796,0.020560524,0.05844963,52348.42349,139673.2592,397935.5453,98.4%,99.4%,99.9%,93.9%,97.2%,98.6%
MA,2017,5061,0.006507572,0.017603283,0.048008608,0.006486443,0.017449251,0.046874417,43428.08889,116260.7987,313454.3404,93.9%,97.2%,98.6%,91.0%,95.3%,97.5%
MA,2018,516,0.001966401,0.009555495,0.021030651,0.001964469,0.009509986,0.020811049,12665.74036,62841.93359,135818.1444,91.0%,95.3%,97.5%,90.4%,94.4%,96.6%
MA,2019,595,0.002027284,0.009646132,0.021153417,0.00202523,0.009599757,0.020931253,13117.59555,62771.94091,137249.6171,90.4%,94.4%,96.6%,89.8%,93.5%,95.8%
MA,2020,155,0.00122062,0.008031622,0.018057062,0.001219876,0.007999455,0.01789501,7847.330395,51685.64451,115825.5038,89.8%,93.5%,95.8%,89.4%,92.8%,95.2%
MA,2021,182,0.001429746,0.008051723,0.018249067,0.001428724,0.008019395,0.018083561,9261.789188,52024.94578,116648.4786,89.4%,92.8%,95.2%,88.7%,92.1%,94.7%
MA,2022,1738,0.003453447,0.012051429,0.028360873,0.003447491,0.011979101,0.027962479,22010.55732,76962.27219,180280.0642,88.7%,92.1%,94.7%,87.5%,91.1%,93.8%
MA,2023,2730,0.004794483,0.013921533,0.034091325,0.004783007,0.013825077,0.033516763,30129.59426,87808.84908,212855.2223,87.5%,91.1%,93.8%,85.9%,89.9%,92.8%
MA,2024,793,0.002558773,0.010365412,0.022035015,0.002555502,0.010311876,0.021794017,15929.8294,64808.39043,135505.3743,85.9%,89.9%,92.8%,85.0%,89.1%,92.1%
MA,2025,482,0.001960755,0.009496323,0.0209473,0.001958833,0.009451375,0.020729429,12243.75142,59358.01291,128603.6357,85.0%,89.1%,92.1%,84.1%,88.4%,91.5%
MG,2015,11,4.59E-04,0.004883995,0.01807577,4.59E-04,0.004872088,0.017913383,9401.360933,99732.63208,366690.5832,100.0%,100.0%,100.0%,98.2%,99.5%,100.0%
MG,2016,207,7.15E-04,0.006399534,0.020058675,7.14E-04,0.0063791,0.019858838,14661.98222,130315.0733,401006.9728,98.2%,99.5%,100.0%,96.5%,98.9%,99.8%
MG,2017,13884,0.002145766,0.011468585,0.029659172,0.002143466,0.011403072,0.029223655,43952.63363,231979.5322,593127.6179,96.5%,98.9%,99.8%,94.7%,97.6%,99.5%
MG,2018,11063,0.001831001,0.010960823,0.026948497,0.001829326,0.010900972,0.026588627,37452.54215,220999.1716,529812.537,94.7%,97.6%,99.5%,93.0%,96.5%,99.1%
MG,2019,1791,0.00101763,0.008122977,0.022388931,0.001017112,0.008090074,0.022140159,20951.44359,162920.0839,439106.0737,93.0%,96.5%,99.1%,91.4%,95.8%,98.8%
MG,2020,2528,0.001043511,0.008604673,0.022633709,0.001042966,0.008567758,0.022379488,21424.29814,171860.7248,437850.6341,91.4%,95.8%,98.8%,90.0%,94.9%,98.5%
MG,2021,5027,0.001363825,0.009660541,0.024657708,0.001362895,0.009614028,0.02435619,28078.2578,191097.19,474104.7376,90.0%,94.9%,98.5%,88.5%,93.9%,98.2%
MG,2022,10809,0.001852935,0.01093004,0.027936648,0.001851219,0.010870524,0.027550028,38290.4506,214647.7013,538152.9894,88.5%,93.9%,98.2%,87.1%,92.9%,97.7%
MG,2023,88570,0.007020192,0.021129371,0.065521179,0.006995608,0.020907709,0.06342079,138028.6657,407432.9616,1284078.293,87.1%,92.9%,97.7%,85.1%,90.6%,95.1%
MG,2024,146446,0.008652399,0.032305695,0.100553901,0.008615075,0.03178944,0.095663634,164900.181,612860.3222,1905707.924,85.1%,90.6%,95.1%,82.1%,87.3%,91.2%
MG,2025,17844,0.002488146,0.012449811,0.03262804,0.002485053,0.012372633,0.032101488,46124.35866,231045.4975,594295.4173,82.1%,87.3%,91.2%,80.9%,86.3%,90.3%
MS,2015,38,4.92E-04,0.004550808,0.015193081,4.92E-04,0.004540469,0.015078249,1305.109861,12045.58608,40001.67412,100.0%,100.0%,100.0%,98.5%,99.6%,100.0%
MS,2016,26,4.64E-04,0.004411835,0.01501431,4.64E-04,0.004402118,0.014902157,1235.95317,11701.6523,39328.99302,98.5%,99.6%,100.0%,97.3%,99.1%,99.9%
MS,2017,118,6.51E-04,0.005435204,0.016150158,6.51E-04,0.00542046,0.016020444,1751.597884,14484.1993,42489.49654,97.3%,99.1%,99.9%,96.1%,98.6%,99.7%
MS,2018,218,8.76E-04,0.00629288,0.016592335,8.76E-04,0.006273121,0.016455441,2373.309039,16852.13044,43595.64165,96.1%,98.6%,99.7%,94.9%,97.9%,99.5%
MS,2019,67,5.54E-04,0.004938512,0.015120982,5.54E-04,0.004926337,0.015007234,1516.984919,13312.01108,39940.16137,94.9%,97.9%,99.5%,93.8%,97.5%,99.4%
MS,2020,71,5.40E-04,0.005141908,0.015256531,5.40E-04,0.005128711,0.01514074,1494.397933,13959.60792,40582.15273,93.8%,97.5%,99.4%,92.7%,97.0%,99.3%
MS,2021,102,6.19E-04,0.005298736,0.015765546,6.19E-04,0.005284723,0.01564192,1728.044113,14421.12548,41470.91693,92.7%,97.0%,99.3%,91.7%,96.5%,99.1%
MS,2022,260,8.73E-04,0.00650922,0.017287463,8.72E-04,0.006488081,0.017138892,2446.64051,17740.89494,45910.31063,91.7%,96.5%,99.1%,90.6%,95.9%,98.9%
MS,2023,1441,0.002712134,0.010322385,0.026308994,0.002708459,0.010269292,0.025965928,7510.721445,27889.04866,70593.08241,90.6%,95.9%,98.9%,89.5%,94.8%,98.2%
MS,2024,922,0.001781907,0.008769866,0.022300254,0.00178032,0.008731523,0.022053442,4979.463962,23770.72868,58948.57649,89.5%,94.8%,98.2%,88.4%,93.9%,97.7%
MS,2025,8609,0.006796122,0.042111622,0.099512686,0.006773081,0.041237244,0.094721535,18327.36784,112804.1535,265166.9623,88.4%,93.9%,97.7%,85.7%,90.1%,93.0%
MT,2015,9,4.34E-04,0.005947413,0.013267811,4.34E-04,0.005929762,0.013180181,1445.174971,19731.35406,43857.21161,100.0%,100.0%,100.0%,98.7%,99.4%,100.0%
MT,2016,93,5.76E-04,0.006504089,0.014797431,5.76E-04,0.006482983,0.014688487,1926.651778,21621.91688,48736.14285,98.7%,99.4%,100.0%,97.5%,98.8%,99.9%
MT,2017,3872,0.001570425,0.008420986,0.021663575,0.001569193,0.008385629,0.021430605,5333.805913,28121.4461,72050.03576,97.5%,98.8%,99.9%,96.1%,97.9%,99.5%
MT,2018,12345,0.003037244,0.009914516,0.028409244,0.003032636,0.009865529,0.028009496,10328.88358,33399.84589,95296.55989,96.1%,97.9%,99.5%,94.7%,96.9%,98.8%
MT,2019,339,7.86E-04,0.006930726,0.015551874,7.86E-04,0.006906764,0.015431568,2719.078452,23578.2842,52545.99662,94.7%,96.9%,98.8%,93.8%,96.3%,98.6%
MT,2020,188,6.44E-04,0.006693673,0.014602717,6.44E-04,0.00667132,0.014496615,2254.111312,23096.14782,49530.08674,93.8%,96.3%,98.6%,92.9%,95.7%,98.4%
MT,2021,100,6.22E-04,0.006392882,0.01468341,6.21E-04,0.006372491,0.014576135,2211.575309,22123.57741,49544.41258,92.9%,95.7%,98.4%,91.9%,95.1%,98.3%
MT,2022,155,5.91E-04,0.006563219,0.014937166,5.91E-04,0.006541728,0.01482616,2119.240386,22992.08824,50759.90528,91.9%,95.1%,98.3%,91.0%,94.5%,98.1%
MT,2023,289,6.23E-04,0.00679532,0.015470068,6.23E-04,0.006772284,0.015351021,2284.559555,24028.09656,53127.78277,91.0%,94.5%,98.1%,90.1%,93.9%,98.0%
MT,2024,22298,0.003893095,0.011181036,0.038227108,0.003885527,0.011118761,0.037505674,14107.88012,39274.78286,136475.8668,90.1%,93.9%,98.0%,88.9%,92.9%,96.5%
MT,2025,45131,0.005059372,0.013390837,0.066360845,0.005046594,0.013301579,0.064206873,18123.66067,47000.21711,236787.2508,88.9%,92.9%,96.5%,87.3%,91.1%,94.0%
PA,2015,7,5.26E-04,0.005458358,0.014712996,5.26E-04,0.005443488,0.014605289,4275.62172,44263.2262,118761.5767,100.0%,100.0%,100.0%,98.6%,99.5%,99.9%
PA,2016,1657,0.002453604,0.010060403,0.02375731,0.002450596,0.010009966,0.023477326,19992.95507,81324.22042,190716.584,98.6%,99.5%,99.9%,97.0%,98.4%,99.6%
PA,2017,7325,0.00627411,0.016797081,0.054567064,0.006254469,0.016656797,0.053104996,50951.61678,135101.5828,432632.316,97.0%,98.4%,99.6%,93.4%,96.6%,98.1%
PA,2018,6851,0.00588256,0.016175013,0.053976506,0.005865291,0.0160449,0.052545634,46956.64155,128719.4065,419642.1097,93.4%,96.6%,98.1%,90.1%,94.9%,97.1%
PA,2019,2069,0.003379811,0.010782881,0.026430018,0.003374106,0.010724954,0.026083802,25994.93715,85191.87366,205242.4906,90.1%,94.9%,97.1%,89.0%,93.8%,96.3%
PA,2020,154,8.84E-04,0.007244265,0.017065312,8.84E-04,0.007218089,0.016920525,6811.422503,57100.74722,134081.3565,89.0%,93.8%,96.3%,88.8%,93.1%,95.6%
PA,2021,116,8.45E-04,0.007028412,0.016314271,8.45E-04,0.00700377,0.016181914,6640.854853,55519.28473,127612.574,88.8%,93.1%,95.6%,88.5%,92.5%,95.0%
PA,2022,87,8.18E-04,0.006693834,0.015646724,8.17E-04,0.00667148,0.01552495,6378.888961,52765.79755,122418.8111,88.5%,92.5%,95.0%,88.1%,91.9%,94.5%
PA,2023,205,0.001088756,0.007511216,0.017520294,0.001088164,0.007483077,0.017367705,8548.88203,59404.22007,135889.899,88.1%,91.9%,94.5%,87.6%,91.3%,93.9%
PA,2024,379,0.001270317,0.008144644,0.018718411,0.001269511,0.008111566,0.01854431,9935.387978,64047.2316,144451.7635,87.6%,91.3%,93.9%,87.0%,90.7%,93.4%
PA,2025,368,0.001220532,0.008048417,0.018750966,0.001219788,0.008016116,0.01857626,9579.926609,63354.92174,144597.0518,87.0%,90.7%,93.4%,86.3%,90.1%,92.9%
PB,2015,19,6.37E-04,0.005129729,0.013997328,6.37E-04,0.005116594,0.013899821,2503.195687,20118.64865,54654.63918,100.0%,100.0%,100.0%,98.6%,99.5%,99.9%
PB,2016,7781,0.004889663,0.013589631,0.036009796,0.004877728,0.013497709,0.035369156,19125.66394,52906.61979,139152.1382,98.6%,99.5%,99.9%,96.1%,98.0%,99.2%
PB,2017,1363,0.001788932,0.009054045,0.019367916,0.001787332,0.009013181,0.019181563,6944.357375,35070.06493,74680.95046,96.1%,98.0%,99.2%,95.2%,97.1%,98.6%
PB,2018,618,0.001374638,0.007856632,0.017284925,0.001373694,0.007825849,0.017136398,5318.228245,30271.97773,65959.96191,95.2%,97.1%,98.6%,94.2%,96.3%,98.2%
PB,2019,1079,0.001646943,0.008535773,0.018974732,0.001645587,0.008499447,0.018795845,6372.040427,32944.86853,72711.56466,94.2%,96.3%,98.2%,93.1%,95.5%,97.8%
PB,2020,1297,0.001756793,0.009039366,0.020204899,0.001755251,0.008998633,0.020002147,6787.629662,34767.75437,77197.47538,93.1%,95.5%,97.8%,92.0%,94.7%,97.3%
PB,2021,9266,0.005581286,0.014793018,0.038146412,0.00556574,0.014684139,0.037428001,21461.75028,56389.95296,146146.4013,92.0%,94.7%,97.3%,90.5%,93.2%,95.8%
PB,2022,16839,0.007220988,0.020981979,0.062653913,0.00719498,0.020763389,0.060731514,27462.18905,79155.39117,235107.259,90.5%,93.2%,95.8%,87.7%,91.1%,93.5%
PB,2023,1283,0.002003397,0.009052055,0.019554103,0.002001392,0.009011209,0.019364161,7487.957168,33830.82677,72645.96427,87.7%,91.1%,93.5%,87.1%,90.4%,92.8%
PB,2024,1550,0.002030764,0.009263173,0.020444331,0.002028704,0.009220402,0.020236763,7639.038661,34566.92892,75853.12669,87.1%,90.4%,92.8%,86.4%,89.6%,92.2%
PB,2025,540,0.001410279,0.007843433,0.016946371,0.001409285,0.007812753,0.016803589,5247.601359,29078.69593,62239.33915,86.4%,89.6%,92.2%,85.7%,89.0%,91.6%
PE,2015,613,0.001313373,0.00723749,0.015282494,0.001312511,0.007211363,0.015166309,12092.3056,66439.05577,139728.8315,100.0%,100.0%,100.0%,98.5%,99.3%,99.9%
PE,2016,14288,0.006121577,0.014362937,0.037535317,0.006102878,0.014260282,0.036839599,55789.62743,130710.0566,338478.7891,98.5%,99.3%,99.9%,95.9%,97.8%,98.9%
PE,2017,1171,0.001601401,0.007965254,0.016834312,0.00160012,0.007933615,0.016693407,14464.98491,71941.14957,150985.7759,95.9%,97.8%,98.9%,95.1%,97.0%,98.4%
PE,2018,656,0.001245213,0.007480882,0.015430957,0.001244438,0.00745297,0.015312509,11265.58193,67484.9316,138270.0863,95.1%,97.0%,98.4%,94.3%,96.3%,98.0%
PE,2019,1362,0.001720953,0.008205055,0.016973246,0.001719473,0.008171485,0.016830012,15540.7586,73747.33792,150350.0573,94.3%,96.3%,98.0%,93.2%,95.5%,97.5%
PE,2020,3210,0.002621162,0.00947431,0.020245333,0.00261773,0.00942957,0.02004177,23736.155,84874.36322,179773.9677,93.2%,95.5%,97.5%,92.1%,94.7%,97.0%
PE,2021,20159,0.007121968,0.017233283,0.049161597,0.007096667,0.017085639,0.047972727,63353.07968,152115.0236,435289.0521,92.1%,94.7%,97.0%,89.9%,92.9%,95.0%
PE,2022,13087,0.005757722,0.014069022,0.03736273,0.005741178,0.013970516,0.036673355,51046.05971,122783.6238,323256.1084,89.9%,92.9%,95.0%,88.1%,91.5%,94.0%
PE,2023,1160,0.001581447,0.008077104,0.016564213,0.001580198,0.008044572,0.01642778,13796.76825,70456.14384,141407.4942,88.1%,91.5%,94.0%,87.5%,90.9%,93.4%
PE,2024,1851,0.001970791,0.008744673,0.017851681,0.00196885,0.008706549,0.017693283,16965.32645,75730.93999,152827.7115,87.5%,90.9%,93.4%,86.8%,90.2%,92.8%
PE,2025,1198,0.001705434,0.008204162,0.017490934,0.00170398,0.0081706,0.017338856,14615.55805,70631.60304,147252.8935,86.8%,90.2%,92.8%,86.0%,89.6%,92.3%
PI,2015,3,5.86E-04,0.004992606,0.016534431,5.85E-04,0.004980164,0.016398488,1906.004812,16214.47778,53390.39297,100.0%,100.0%,100.0%,98.4%,99.5%,99.9%
PI,2016,1238,0.002690799,0.0114671,0.026113205,0.002687182,0.011401603,0.025775204,8767.433396,36886.19038,83661.67283,98.4%,99.5%,99.9%,96.6%,98.3%,99.6%
PI,2017,5477,0.006321173,0.018638018,0.050724689,0.006301237,0.018465404,0.049459671,20180.38454,59396.59029,160245.7229,96.6%,98.3%,99.6%,93.5%,96.2%,98.1%
PI,2018,499,0.001620442,0.009751871,0.022222445,0.00161913,0.009704476,0.021977345,5167.524972,30714.9549,69361.6054,93.5%,96.2%,98.1%,92.6%,95.3%,97.6%
PI,2019,803,0.002204768,0.010696595,0.024457195,0.00220234,0.01063959,0.024160541,6998.144177,33462.29386,76348.8519,92.6%,95.3%,97.6%,91.3%,94.3%,96.9%
PI,2020,162,0.001202123,0.007994717,0.019842187,0.001201401,0.007962844,0.019646627,3813.729974,24923.8932,60527.48062,91.3%,94.3%,96.9%,90.3%,93.6%,96.5%
PI,2021,228,0.001316739,0.008343366,0.020837231,0.001315873,0.008308657,0.020621636,4169.698378,26045.33046,63843.38382,90.3%,93.6%,96.5%,89.2%,92.9%,96.1%
PI,2022,9464,0.008798181,0.02750585,0.078951677,0.00875959,0.027131009,0.075915422,26984.34428,84479.2834,240155.353,89.2%,92.9%,96.1%,86.2%,90.1%,93.0%
PI,2023,3489,0.005509673,0.016110346,0.041367883,0.005494523,0.015981269,0.040523909,16529.12031,48244.06963,122437.1142,86.2%,90.1%,93.0%,84.6%,88.7%,91.7%
PI,2024,573,0.001983936,0.010203371,0.023533394,0.00198197,0.010151493,0.023258643,5950.728521,30469.17008,69045.68869,84.6%,88.7%,91.7%,83.8%,87.8%,90.8%
PI,2025,489,0.001726754,0.009732902,0.022800633,0.001725264,0.00968569,0.022542662,5124.719894,28836.52574,66684.99009,83.8%,87.8%,90.8%,83.1%,87.1%,90.2%
PR,2015,0,1.13E-04,0.002666917,0.018761071,1.13E-04,0.002663364,0.018586177,1254.265736,29568.30867,206341.2113,100.0%,100.0%,100.0%,98.2%,99.7%,100.0%
PR,2016,52,5.83E-04,0.006776317,0.023956177,5.83E-04,0.00675341,0.023671506,6498.189106,75037.97925,260163.6314,98.2%,99.7%,100.0%,96.3%,99.0%,99.9%
PR,2017,60,6.95E-04,0.007185757,0.023706069,6.95E-04,0.007160001,0.023427287,7791.188597,79252.264,255965.3986,96.3%,99.0%,99.9%,94.6%,98.3%,99.7%
PR,2018,55,6.60E-04,0.007056144,0.023619449,6.60E-04,0.007031308,0.023342693,7442.770872,78175.7934,253214.988,94.6%,98.3%,99.7%,92.8%,97.6%,99.5%
PR,2019,51,6.83E-04,0.006664244,0.024477287,6.83E-04,0.006642087,0.024180148,7747.761985,73894.80108,261598.0966,92.8%,97.6%,99.5%,91.3%,96.9%,99.4%
PR,2020,21,4.77E-04,0.00581091,0.022476794,4.77E-04,0.005794059,0.022226072,5398.865931,64869.68793,237166.3514,91.3%,96.9%,99.4%,89.8%,96.4%,99.2%
PR,2021,109,8.77E-04,0.007957414,0.025277079,8.77E-04,0.007925838,0.024960288,10055.62102,88352.20871,270263.443,89.8%,96.4%,99.2%,88.1%,95.6%,99.0%
PR,2022,28,5.65E-04,0.00628118,0.022551883,5.65E-04,0.006261494,0.02229949,6472.386198,69436.46482,234784.2889,88.1%,95.6%,99.0%,86.7%,95.1%,98.8%
PR,2023,1607,0.004752576,0.018064383,0.049942022,0.0047413,0.0179022,0.048715424,53301.27304,195444.8188,550256.8767,86.7%,95.1%,98.8%,85.2%,92.8%,97.4%
PR,2024,465,0.001609014,0.011257897,0.032025098,0.00160772,0.011194764,0.031517725,18015.83487,121434.7016,341065.1964,85.2%,92.8%,97.4%,83.5%,91.7%,96.8%
PR,2025,6039,0.009430422,0.063199685,0.151077233,0.009386095,0.061243999,0.140218703,98727.51239,673242.2822,1564119.172,83.5%,91.7%,96.8%,79.7%,86.0%,90.3%
RJ,2015,36,4.08E-04,0.005041101,0.017025532,4.08E-04,0.005028416,0.016881416,6919.021201,85341.54474,286508.9686,100.0%,100.0%,100.0%,98.3%,99.5%,100.0%
RJ,2016,1436,9.30E-04,0.007727577,0.020031082,9.30E-04,0.007697796,0.019831793,15738.39396,130175.3514,334098.601,98.3%,99.5%,100.0%,96.7%,98.7%,99.8%
RJ,2017,4125,0.001388966,0.009337083,0.022791772,0.001388002,0.009293627,0.022534001,23558.39367,156392.7945,377966.0166,96.7%,98.7%,99.8%,95.2%,97.7%,99.5%
RJ,2018,33049,0.006118478,0.017665159,0.050482853,0.006099798,0.017510044,0.049229765,101501.3454,291973.8458,824551.5111,95.2%,97.7%,99.5%,92.9%,95.8%,98.0%
RJ,2019,77636,0.008339176,0.034511323,0.106089551,0.008304501,0.033922599,0.100655892,135678.8949,556773.1256,1654119.51,92.9%,95.8%,98.0%,86.2%,92.2%,95.6%
RJ,2020,2803,0.001231814,0.008987361,0.022539798,0.001231056,0.008947095,0.022287675,18963.71988,141786.3846,354238.3358,86.2%,92.2%,95.6%,85.7%,91.3%,94.7%
RJ,2021,462,6.66E-04,0.006893406,0.019307795,6.66E-04,0.006869701,0.019122593,10249.38144,107599.1252,300555.954,85.7%,91.3%,94.7%,85.5%,90.7%,94.0%
RJ,2022,511,6.76E-04,0.006973047,0.019248108,6.76E-04,0.006948792,0.019064046,10545.12993,108211.1893,296251.0739,85.5%,90.7%,94.0%,85.2%,90.1%,93.2%
RJ,2023,1033,8.52E-04,0.007760351,0.020345945,8.52E-04,0.007730317,0.020140363,12907.97377,119774.9819,311715.9902,85.2%,90.1%,93.2%,84.8%,89.4%,92.5%
RJ,2024,3794,0.001423743,0.009617038,0.023267858,0.00142273,0.009570942,0.022999249,21781.54056,147374.2784,351891.4842,84.8%,89.4%,92.5%,84.0%,88.6%,91.8%
RJ,2025,1548,0.001048004,0.008328292,0.020935886,0.001047455,0.008293708,0.020718251,15979.4934,126929.5897,309854.3873,84.0%,88.6%,91.8%,83.3%,88.0%,91.3%
RN,2015,14,0.001020577,0.005014874,0.013514889,0.001020057,0.00500232,0.013423973,3388.639986,16617.76805,44594.59804,100.0%,100.0%,100.0%,98.7%,99.5%,99.9%
RN,2016,3581,0.004860041,0.012609436,0.027436827,0.00484825,0.01253027,0.027063856,15997.33714,41445.73703,89903.63249,98.7%,99.5%,99.9%,96.8%,98.1%,99.2%
RN,2017,905,0.002709254,0.009092454,0.018075452,0.002705587,0.009051243,0.017913071,8837.04525,29801.65967,59015.79133,96.8%,98.1%,99.2%,95.6%,97.3%,98.7%
RN,2018,1289,0.002920892,0.009797897,0.019680765,0.00291663,0.009750054,0.019488363,9563.61409,31937.60977,63482.97237,95.6%,97.3%,98.7%,94.4%,96.4%,98.1%
RN,2019,6512,0.006717174,0.016235364,0.041579976,0.006694664,0.016104281,0.040727387,21708.19349,52277.99859,133288.3635,94.4%,96.4%,98.1%,92.3%,94.7%,96.5%
RN,2020,3323,0.004726546,0.012283221,0.027379859,0.004715393,0.01220809,0.027008428,15195.76103,39302.21969,86574.75143,92.3%,94.7%,96.5%,91.0%,93.6%,95.5%
RN,2021,3297,0.005001431,0.01257035,0.027309578,0.004988944,0.012491673,0.026940043,15900.06869,39871.21894,85872.52366,91.0%,93.6%,95.5%,89.7%,92.4%,94.5%
RN,2022,4822,0.005801435,0.014547608,0.034901884,0.005784639,0.014442303,0.034299838,18420.89745,45675.88514,108020.3513,89.7%,92.4%,94.5%,87.9%,91.1%,93.4%
RN,2023,678,0.002333521,0.0087742,0.018068084,0.002330801,0.008735819,0.017905835,7300.250769,27351.32451,55502.3541,87.9%,91.1%,93.4%,87.2%,90.4%,92.8%
RN,2024,1132,0.002917862,0.009642113,0.02030785,0.002913609,0.009595777,0.020103034,9100.293942,29890.72238,62244.33078,87.2%,90.4%,92.8%,86.3%,89.6%,92.1%
RN,2025,1239,0.003011681,0.00975785,0.020725266,0.00300715,0.009710397,0.020511974,9200.70918,30163.11966,63176.81963,86.3%,89.6%,92.1%,85.4%,88.8%,91.4%
RO,2015,1,1.77E-04,0.001538792,0.010324873,1.77E-04,0.001537609,0.010271754,295.0605262,2563.048916,17122.04849,100.0%,100.0%,100.0%,99.0%,99.8%,100.0%
RO,2016,63,4.00E-04,0.003332017,0.012751758,4.00E-04,0.003326472,0.012670799,669.7006993,5558.880108,21106.2929,99.0%,99.8%,100.0%,97.9%,99.5%,99.9%
RO,2017,121,5.61E-04,0.004271785,0.013429656,5.61E-04,0.004262674,0.013339881,944.8278927,7141.040158,22216.08119,97.9%,99.5%,99.9%,97.0%,99.1%,99.8%
RO,2018,57,4.13E-04,0.003241484,0.012438136,4.13E-04,0.003236236,0.012361102,697.7591527,5450.707911,20539.30809,97.0%,99.1%,99.8%,96.0%,98.8%,99.7%
RO,2019,72,4.17E-04,0.003467891,0.012742215,4.17E-04,0.003461885,0.012661376,706.8599294,5846.724857,20869.88387,96.0%,98.8%,99.7%,95.1%,98.5%,99.5%
RO,2020,56,4.39E-04,0.003169589,0.012437866,4.39E-04,0.003164572,0.012360835,751.2914149,5374.93718,20315.8262,95.1%,98.5%,99.5%,94.3%,98.3%,99.4%
RO,2021,71,4.37E-04,0.003548049,0.012672291,4.36E-04,0.003541762,0.012592336,746.9899027,6013.188138,20852.60697,94.3%,98.3%,99.4%,93.5%,98.0%,99.3%
RO,2022,64,4.09E-04,0.003348696,0.012168345,4.09E-04,0.003343096,0.01209461,702.9865944,5667.923755,19845.10892,93.5%,98.0%,99.3%,92.6%,97.7%,99.2%
RO,2023,25,3.27E-04,0.002614022,0.01160725,3.27E-04,0.002610609,0.011540146,561.2514649,4440.152015,18705.43469,92.6%,97.7%,99.2%,91.8%,97.5%,99.1%
RO,2024,176,6.85E-04,0.004726142,0.014095133,6.84E-04,0.004714991,0.013996262,1173.945362,7974.237064,23090.07445,91.8%,97.5%,99.1%,91.0%,97.1%,98.9%
RO,2025,4188,0.005754076,0.052984308,0.092536703,0.005737553,0.051605105,0.088384248,9435.692728,88067.70345,151505.2764,91.0%,97.1%,98.9%,88.6%,91.9%,94.3%
RR,2015,1,2.53E-04,0.003368407,0.01904045,2.53E-04,0.00336274,0.018860325,135.1152997,1796.981105,10078.58058,100.0%,100.0%,100.0%,98.2%,99.7%,100.0%
RR,2016,32,4.97E-04,0.006030911,0.023219457,4.97E-04,0.006012761,0.02295196,269.0275545,3234.424344,12242.72652,98.2%,99.7%,100.0%,96.4%,99.1%,99.9%
RR,2017,3943,0.009999233,0.094807906,0.164686874,0.009949407,0.090452359,0.151840757,5419.385299,49931.93236,84054.81349,96.4%,99.1%,99.9%,84.8%,90.6%,97.0%
RR,2018,29,5.08E-04,0.006093018,0.02079368,5.08E-04,0.006074493,0.020578982,254.4091774,3159.96339,11281.76198,84.8%,90.6%,97.0%,84.9%,90.4%,96.1%
RR,2019,22,4.85E-04,0.005351458,0.021452493,4.85E-04,0.005337165,0.021224025,258.003681,2861.165823,12087.91518,84.9%,90.4%,96.1%,84.9%,90.2%,95.0%
RR,2020,7,3.37E-04,0.00443684,0.019401563,3.37E-04,0.004427012,0.019214564,187.3738466,2468.2115,11212.40675,84.9%,90.2%,95.0%,85.0%,90.0%,94.2%
RR,2021,50,5.22E-04,0.006545164,0.022268017,5.22E-04,0.006523792,0.022021915,292.9705373,3770.747232,13039.61331,85.0%,90.0%,94.2%,85.0%,89.6%,93.2%
RR,2022,95,7.18E-04,0.007557727,0.024082974,7.18E-04,0.007529239,0.023795293,416.4282473,4398.314928,14492.92682,85.0%,89.6%,93.2%,84.8%,89.0%,92.3%
RR,2023,25,4.64E-04,0.005378324,0.020734004,4.64E-04,0.005363887,0.020520532,281.3922324,3219.647506,12624.11914,84.8%,89.0%,92.3%,84.7%,88.6%,91.6%
RR,2024,20,4.03E-04,0.005028315,0.019994103,4.03E-04,0.005015694,0.019795547,250.0058377,3114.057999,12352.06005,84.7%,88.6%,91.6%,84.4%,88.2%,91.0%
RR,2025,36,4.52E-04,0.005528457,0.020772181,4.52E-04,0.005513203,0.020557925,289.6320329,3526.697355,13262.83891,84.4%,88.2%,91.0%,83.9%,87.7%,90.7%
RS,2015,0,2.80E-04,0.003996178,0.01756573,2.80E-04,0.003988204,0.017412352,3094.767518,44152.25606,192767.1153,100.0%,100.0%,100.0%,98.3%,99.6%,100.0%
RS,2016,41,0.001867142,0.01076942,0.027568522,0.0018654,0.010711637,0.027191978,20626.49818,118132.081,299544.2358,98.3%,99.6%,100.0%,96.3%,98.5%,99.7%
RS,2017,18,0.001353725,0.008977338,0.023518799,0.001352809,0.008937162,0.023244388,14855.91629,97729.51004,252413.7171,96.3%,98.5%,99.7%,94.6%,97.6%,99.3%
RS,2018,19,0.00154322,0.008936456,0.023649718,0.00154203,0.008896645,0.023372255,16958.65273,96723.63935,250531.5171,94.6%,97.6%,99.3%,92.9%,96.7%,98.9%
RS,2019,16,0.001295216,0.008583777,0.024143937,0.001294378,0.008547042,0.023854804,14251.06646,92051.72567,251759.4326,92.9%,96.7%,98.9%,91.3%,95.9%,98.6%
RS,2020,11,0.001317725,0.007996396,0.022184845,0.001316857,0.00796451,0.021940571,14413.23204,85613.45654,229827.7171,91.3%,95.9%,98.6%,89.9%,95.1%,98.3%
RS,2021,266,0.007803583,0.024496939,0.064668042,0.007773214,0.024199324,0.062621417,82374.50919,258293.88,678202.2597,89.9%,95.1%,98.3%,87.8%,92.4%,95.9%
RS,2022,66,0.002989159,0.012688239,0.032358008,0.002984696,0.012608083,0.031840089,31251.80481,130404.6275,328527.2292,87.8%,92.4%,95.9%,86.0%,91.3%,95.2%
RS,2023,51,0.002482399,0.011648803,0.029759841,0.00247932,0.011581218,0.029321377,25490.70269,118451.2784,296001.4167,86.0%,91.3%,95.2%,84.6%,90.3%,94.4%
RS,2024,10,0.001132956,0.008171203,0.022072844,0.001132314,0.00813791,0.021831021,11448.72553,82488.87889,214013.7602,84.6%,90.3%,94.4%,83.4%,89.6%,94.1%
RS,2025,389,0.008818771,0.037177435,0.098383765,0.008779999,0.036494839,0.093698969,88557.6654,368928.5884,948394.2196,83.4%,89.6%,94.1%,79.8%,86.2%,90.6%
SC,2015,0,2.21E-04,0.00236769,0.017341409,2.21E-04,0.00236489,0.017191912,1523.929259,16293.88534,118450.7955,100.0%,100.0%,100.0%,98.3%,99.8%,100.0%
SC,2016,39,0.001562787,0.009136092,0.025737788,0.001561566,0.009094484,0.025409394,10843.00668,63032.35023,175102.6885,98.3%,99.8%,100.0%,96.5%,98.8%,99.7%
SC,2017,35,0.001484326,0.008764058,0.025728961,0.001483225,0.008725765,0.025400792,10399.66403,60907.6955,174928.1569,96.5%,98.8%,99.7%,94.6%,98.0%,99.3%
SC,2018,20,0.001215104,0.006941554,0.022218193,0.001214366,0.006917517,0.021973186,8630.327577,48802.96415,153080.6644,94.6%,98.0%,99.3%,93.2%,97.3%,99.0%
SC,2019,39,0.001645977,0.008968811,0.02577662,0.001644623,0.008928711,0.025447239,11711.99299,63654.52521,178936.9717,93.2%,97.3%,99.0%,91.6%,96.5%,98.5%
SC,2020,7,7.81E-04,0.004966543,0.020249965,7.81E-04,0.00495423,0.020046311,5672.434718,35649.6935,138994.1303,91.6%,96.5%,98.5%,90.1%,96.0%,98.3%
SC,2021,29,0.001259191,0.007759344,0.023476657,0.001258399,0.007729318,0.023203225,9167.805627,56264.60142,164586.6176,90.1%,96.0%,98.3%,88.6%,95.3%,97.9%
SC,2022,25,0.001265812,0.007438872,0.022840507,0.001265011,0.007411273,0.022581637,9410.617869,54451.40991,159612.3365,88.6%,95.3%,97.9%,87.3%,94.7%,97.5%
SC,2023,54,0.002009997,0.010054482,0.026508425,0.002007978,0.010004104,0.026160161,15205.25725,73906.46475,189322.4748,87.3%,94.7%,97.5%,85.8%,93.8%,96.9%
SC,2024,40,0.00165439,0.008805622,0.025203273,0.001653022,0.008766966,0.024888322,12641.95202,65231.10587,179608.3252,85.8%,93.8%,96.9%,84.5%,93.1%,96.5%
SC,2025,717,0.011305569,0.084275868,0.148514913,0.011241902,0.08082235,0.138012847,80842.2295,613750.6696,1054095.854,84.5%,93.1%,96.5%,79.8%,85.5%,89.8%
SE,2015,120,0.001206136,0.007312504,0.015673451,0.001205409,0.007285833,0.015551262,2630.505191,15899.52273,33936.77161,100.0%,100.0%,100.0%,98.5%,99.3%,99.9%
SE,2016,4154,0.005416207,0.013988408,0.038949614,0.005401566,0.013891024,0.038200831,11716.80546,30161.80787,83132.3444,98.5%,99.3%,99.9%,95.6%,97.8%,99.0%
SE,2017,239,0.001538934,0.008094476,0.016991116,0.00153775,0.008061804,0.016847581,3325.518405,17396.15599,36094.88142,95.6%,97.8%,99.0%,94.9%,97.0%,98.5%
SE,2018,30,9.40E-04,0.006465034,0.014716663,9.40E-04,0.006444181,0.014608902,2021.572331,13846.18146,31222.22663,94.9%,97.0%,98.5%,94.2%,96.4%,98.2%
SE,2019,277,0.001517589,0.0080438,0.01714325,0.001516438,0.008011535,0.01699714,3298.060263,17259.78847,36307.24106,94.2%,96.4%,98.2%,93.1%,95.6%,97.8%
SE,2020,3798,0.005509108,0.013407159,0.036940018,0.005493961,0.013317683,0.036266059,11786.81245,28544.40009,78472.05545,93.1%,95.6%,97.8%,91.5%,94.3%,96.5%
SE,2021,3056,0.004676989,0.012756924,0.032417044,0.004666069,0.012675899,0.031897243,9918.945514,26937.83062,68225.87377,91.5%,94.3%,96.5%,90.0%,93.0%,95.4%
SE,2022,3981,0.005487827,0.013781472,0.039200943,0.005472796,0.013686942,0.038442528,11607.98513,28770.55328,80874.79639,90.0%,93.0%,95.4%,88.0%,91.7%,94.2%
SE,2023,1558,0.003256077,0.010777506,0.024872885,0.003250782,0.010719637,0.024566103,6750.522326,22429.16283,51004.18881,88.0%,91.7%,94.2%,86.8%,90.8%,93.4%
SE,2024,428,0.001947467,0.008871587,0.018557027,0.001945572,0.008832351,0.018385906,3963.869747,18363.92775,37551.45473,86.8%,90.8%,93.4%,86.1%,90.1%,92.8%
SE,2025,185,0.001487398,0.008053054,0.016574902,0.001486293,0.008020715,0.016438294,3101.102146,16609.95819,33719.81848,86.1%,90.1%,92.8%,85.5%,89.5%,92.3%
TO,2015,2,4.25E-04,0.003934708,0.011476472,4.25E-04,0.003926977,0.011410869,625.2570276,5778.217174,16790.13518,100.0%,100.0%,100.0%,98.9%,99.6%,100.0%
TO,2016,291,0.001113742,0.006247796,0.014913669,0.001113122,0.006228319,0.014803011,1641.119603,9174.407684,21745.7797,98.9%,99.6%,100.0%,97.7%,99.0%,99.8%
TO,2017,2408,0.002970513,0.009616838,0.02857038,0.002966105,0.009570744,0.028166106,4392.828568,14107.31671,41644.29732,97.7%,99.0%,99.8%,96.1%,97.9%,99.2%
TO,2018,91,7.55E-04,0.005524813,0.013711863,7.55E-04,0.00550958,0.013618283,1122.568408,8118.405355,19877.4487,96.1%,97.9%,99.2%,95.3%,97.4%,98.9%
TO,2019,57,7.41E-04,0.005285964,0.013003396,7.40E-04,0.005272018,0.012919217,1092.740111,7778.571669,18913.55082,95.3%,97.4%,98.9%,94.5%,96.9%,98.7%
TO,2020,27,5.89E-04,0.004848495,0.012329838,5.89E-04,0.00483676,0.012254137,882.2444111,7188.801859,17915.27052,94.5%,96.9%,98.7%,93.7%,96.5%,98.6%
TO,2021,203,9.01E-04,0.005866487,0.014150531,9.01E-04,0.005849313,0.014050882,1355.649724,8701.101898,20719.62926,93.7%,96.5%,98.6%,92.7%,95.9%,98.3%
TO,2022,3836,0.003858247,0.011340266,0.037867662,0.003850814,0.011276207,0.037159647,5760.398533,16705.879,55550.78895,92.7%,95.9%,98.3%,91.2%,94.7%,97.1%
TO,2023,4298,0.004051539,0.011993594,0.041089174,0.004043342,0.011921957,0.040256458,6046.1189,17498.04456,59834.37654,91.2%,94.7%,97.1%,89.6%,93.4%,95.9%
TO,2024,703,0.001594514,0.007143041,0.018723967,0.001593243,0.00711759,0.018549763,2347.218131,10428.22945,26923.17948,89.6%,93.4%,95.9%,88.8%,92.8%,95.5%
TO,2025,409,0.001225358,0.006623761,0.016113754,0.001224608,0.006601872,0.015984622,1800.804882,9685.69858,23123.11817,88.8%,92.8%,95.5%,88.1%,92.2%,95.1%
