UF,episode_id,window_weeks,week,Re_median,Re_lower,Re_upper,lag_spec,temperature,precipitation
AL,AL_wave_02,4,2016-02-21,1.949455628149896,1.346356712803349,2.938830632023244,primary,26.50726134578117,93.49060230626337
AL,AL_wave_02,6,2016-03-06,1.7370577571180097,1.2194315350518932,2.546849223880771,primary,26.855455107594135,69.43546204392356
AL,AL_wave_02,8,2016-03-20,1.569642784557387,1.13945399089529,2.223673961937834,primary,26.782079060874214,55.583043537150616
BA,BA_wave_02,4,2016-02-14,2.2144369374520414,1.520323218664252,3.3812119067687094,primary,25.898415662165213,261.69106701865616
BA,BA_wave_02,6,2016-02-28,2.6680929501253607,1.9046696074161815,3.877725191464171,primary,26.664267628266995,175.87914757391428
BA,BA_wave_02,8,2016-03-13,2.5555423112923146,1.887800574062263,3.5742428855008477,primary,26.73271185826281,34.98768141854072
CE,CE_wave_02,4,2016-04-03,2.1913598268442445,1.5409735105879954,3.272079027139675,primary,26.515413611774775,122.90091439514372
CE,CE_wave_02,6,2016-04-17,2.2070065834740946,1.57442714971276,3.1913516286055064,primary,26.353818456189057,210.51914143562556
CE,CE_wave_02,8,2016-05-01,2.28062126518745,1.672319109682878,3.227527242588666,primary,26.915844065361036,206.3066905560584
ES,ES_wave_02,4,2017-01-08,3.74675897037264,2.3148692439956253,6.139828062268854,primary,26.51516326430295,151.04631052996194
ES,ES_wave_02,6,2017-01-22,2.6993524440215397,1.718747970909903,4.272909083049022,primary,26.123899013683264,116.1710177295497
ES,ES_wave_02,8,2017-02-05,2.422074533082019,1.6690207792304468,3.6119316030578767,primary,25.46648584220701,33.65288633995892
GO,GO_wave_15,4,2021-12-19,2.1241711912695602,1.3975632158273523,3.3829627036342607,primary,23.311832026820642,264.56496983978275
GO,GO_wave_15,6,2022-01-02,1.9651509078894964,1.3594626109529058,2.9547164872175213,primary,22.670247054335757,251.40167242121956
GO,GO_wave_15,8,2022-01-16,2.1567165920536646,1.5864397520270273,3.024539873791669,primary,23.03401502726967,330.4211135924369
MA,MA_wave_02,4,2016-03-20,3.4065704203308624,2.377611612516084,5.15178527123214,primary,26.35003934956382,244.53220731995026
MA,MA_wave_02,6,2016-04-03,2.8994752525778673,2.0584851732844207,4.256280755868049,primary,26.514974249841703,277.69011332785334
MA,MA_wave_02,8,2016-04-17,2.655629816367191,1.946649844262572,3.733590760005586,primary,26.707118660850853,341.2434788791577
MG,MG_wave_05,4,2017-01-29,2.706623265871138,1.8878994062328165,4.057923717862433,primary,23.695091819196374,106.88447944936019
MG,MG_wave_05,6,2017-02-12,2.700460179836658,1.9013725790609597,3.993819886803721,primary,23.335048213623732,137.65014643145184
MG,MG_wave_05,8,2017-02-26,2.583002269824623,1.8792193238712187,3.67973269333563,primary,23.577910245877753,141.16227265702543
MT,MT_wave_05,4,2017-01-01,2.692217373492233,1.732964030702257,4.261049922953124,primary,25.845214267374075,307.52840876402814
MT,MT_wave_05,6,2017-01-15,2.4129964511132727,1.6229526567563086,3.6965186315819887,primary,26.119766967585665,275.8603033582128
MT,MT_wave_05,8,2017-01-29,2.2971795436688547,1.636007485394448,3.2785536859621063,primary,25.001938164790232,269.0912952125251
PA,PA_wave_04,4,2016-05-15,1.5517121891944146,1.0567685295034113,2.3612748195516566,primary,26.49224653887481,292.16087175856626
PA,PA_wave_04,6,2016-05-29,1.2813233515141416,0.8901547870763602,1.9367427862611688,primary,26.821101459540245,214.62601000057214
PA,PA_wave_04,8,2016-06-12,1.2399379287794905,0.903276273872324,1.7401638641447903,primary,26.291341376661624,158.59313827211756
PB,PB_wave_03,4,2016-02-28,2.277624474409375,1.5359909976523205,3.495187400934422,primary,26.498670483167437,140.79763058148782
PB,PB_wave_03,6,2016-03-13,2.1902915892568937,1.5236389058431274,3.2433923760561076,primary,26.789232739167694,98.57957133416028
PB,PB_wave_03,8,2016-03-27,2.067319080394655,1.5047695195823307,2.9381519441795008,primary,26.717533412005817,94.96972166819602
PE,PE_wave_03,4,2015-12-20,2.0691847599880404,1.403641989241479,3.1841286749328583,primary,26.29382001321051,12.679687293721942
PE,PE_wave_03,6,2016-01-03,2.287163301891378,1.6169073007702293,3.3689012417675075,primary,25.830189418457962,37.59356940999738
PE,PE_wave_03,8,2016-01-17,2.215932628027864,1.6189926892479476,3.097368545683004,primary,25.63010533749523,74.77403716921926
PI,PI_wave_03,4,2016-04-17,4.397527921365161,2.974089764284827,6.735170645063435,primary,27.578541102862587,270.69133189259554
PI,PI_wave_03,6,2016-05-01,3.461448641112203,2.4009024016756473,5.101402581321242,primary,28.422377674850186,177.15875999796887
PI,PI_wave_03,8,2016-05-15,2.890568143093903,2.072860442896083,4.1243952504563675,primary,28.31160847234028,96.20138249768664
PR,PR_wave_17,4,2023-02-12,2.003722334734676,1.2337056311023986,3.31563449207191,primary,22.431345791373133,265.5516925452648
PR,PR_wave_17,6,2023-02-26,2.343476213922807,1.580632186384457,3.561796488253162,primary,21.581677946893915,274.02138617178014
PR,PR_wave_17,8,2023-03-12,2.6454287158712244,1.8830074067822984,3.792595464997905,primary,22.035909047157382,309.6581451725285
RJ,RJ_wave_04,4,2015-12-27,2.1870933562988526,1.27887641080527,3.815324704653251,primary,27.377434398710673,243.53149235821667
RJ,RJ_wave_04,6,2016-01-10,1.7907344032820705,1.106719491458759,2.9641901412356786,primary,26.340032384977768,193.6799570010019
RJ,RJ_wave_04,8,2016-01-24,1.9122068538276484,1.2722572682819226,2.8952482197125566,primary,24.862422915130455,226.50077276748164
RN,RN_wave_03,4,2016-02-14,3.658608227083895,2.495419461425898,5.579136567877315,primary,26.610912922573956,171.061422185689
RN,RN_wave_03,6,2016-02-28,2.915973016595274,2.0301429457351756,4.33699736599314,primary,27.04426547909841,159.35097305901095
RN,RN_wave_03,8,2016-03-13,2.576270867948228,1.865533881184669,3.64879625950911,primary,27.58151292575288,136.5151103376967
RR,RR_wave_03,4,2017-02-19,1.8648007517606944,1.2379350706217778,2.8691755458100223,primary,26.175736977135923,126.15242487077059
RR,RR_wave_03,6,2017-03-05,1.7062771432678572,1.1766453091622644,2.555758235145154,primary,25.882297541317634,172.25553745851445
RR,RR_wave_03,8,2017-03-19,1.5147691724619068,1.075952828089676,2.2022528246015094,primary,26.09011344636453,190.69729206580803
SC,SC_wave_19,4,2025-02-16,2.2864696370997555,1.432893590120133,3.717249079406561,primary,24.67254376225409,222.6039445028206
SC,SC_wave_19,6,2025-03-02,2.594796277783251,1.763571179803003,3.939367504416715,primary,24.89632820541123,261.43169399330145
SC,SC_wave_19,8,2025-03-16,2.5395954534540426,1.8269874250697715,3.6130589583621657,primary,23.006870984757427,181.9737974353087
SP,SP_wave_06,4,2021-01-31,3.9476869923633497,2.7431226032639717,5.87600138391863,primary,24.265253212392647,282.870332899804
SP,SP_wave_06,6,2021-02-14,3.3729086088513194,2.3837129986977477,4.909400182430123,primary,22.976169361486573,233.76324728158812
SP,SP_wave_06,8,2021-02-28,3.0051958827473,2.2231106576718704,4.2050612051850935,primary,22.819622345471608,184.35899092136836
AL,AL_wave_02,4,2016-02-21,1.949455628149896,1.346356712803349,2.938830632023244,sensitivity_A,26.49630246807537,61.60704050825195
AL,AL_wave_02,6,2016-03-06,1.7370577571180097,1.2194315350518932,2.546849223880771,sensitivity_A,26.916446803359314,48.941616187314345
AL,AL_wave_02,8,2016-03-20,1.569642784557387,1.13945399089529,2.223673961937834,sensitivity_A,26.66085069408181,47.05646618430622
BA,BA_wave_02,4,2016-02-14,2.2144369374520414,1.520323218664252,3.3812119067687094,sensitivity_A,26.242618795636396,166.24471822495374
BA,BA_wave_02,6,2016-02-28,2.6680929501253607,1.9046696074161815,3.877725191464171,sensitivity_A,26.829051521470568,29.005123184659517
BA,BA_wave_02,8,2016-03-13,2.5555423112923146,1.887800574062263,3.5742428855008477,sensitivity_A,26.593686930880402,28.03452415038555
CE,CE_wave_02,4,2016-04-03,2.1913598268442445,1.5409735105879954,3.272079027139675,sensitivity_A,26.24206516536088,152.58409050198884
CE,CE_wave_02,6,2016-04-17,2.2070065834740946,1.57442714971276,3.1913516286055064,sensitivity_A,26.545802698239385,181.69833086454975
CE,CE_wave_02,8,2016-05-01,2.28062126518745,1.672319109682878,3.227527242588666,sensitivity_A,27.105230892601682,112.80198324266001
ES,ES_wave_02,4,2017-01-08,3.74675897037264,2.3148692439956253,6.139828062268854,sensitivity_A,26.55781016500089,98.94487114684763
ES,ES_wave_02,6,2017-01-22,2.6993524440215397,1.718747970909903,4.272909083049022,sensitivity_A,25.96031127354517,28.972647499411
ES,ES_wave_02,8,2017-02-05,2.422074533082019,1.6690207792304468,3.6119316030578767,sensitivity_A,25.092876979197165,58.52409892692697
GO,GO_wave_15,4,2021-12-19,2.1241711912695602,1.3975632158273523,3.3829627036342607,sensitivity_A,23.028680962730952,188.47980818770367
GO,GO_wave_15,6,2022-01-02,1.9651509078894964,1.3594626109529058,2.9547164872175213,sensitivity_A,22.42507477738109,255.0660602560345
GO,GO_wave_15,8,2022-01-16,2.1567165920536646,1.5864397520270273,3.024539873791669,sensitivity_A,23.45264381319135,287.4349922055495
MA,MA_wave_02,4,2016-03-20,3.4065704203308624,2.377611612516084,5.15178527123214,sensitivity_A,26.624086186728285,237.50760768356918
MA,MA_wave_02,6,2016-04-03,2.8994752525778673,2.0584851732844207,4.256280755868049,sensitivity_A,26.365673256361745,293.9193261131111
MA,MA_wave_02,8,2016-04-17,2.655629816367191,1.946649844262572,3.733590760005586,sensitivity_A,26.772117438308648,239.4435925116578
MG,MG_wave_05,4,2017-01-29,2.706623265871138,1.8878994062328165,4.057923717862433,sensitivity_A,23.95438158482029,102.79211186774727
MG,MG_wave_05,6,2017-02-12,2.700460179836658,1.9013725790609597,3.993819886803721,sensitivity_A,23.165701604451243,137.01513317177154
MG,MG_wave_05,8,2017-02-26,2.583002269824623,1.8792193238712187,3.67973269333563,sensitivity_A,23.66545429706587,101.78329706516196
MT,MT_wave_05,4,2017-01-01,2.692217373492233,1.732964030702257,4.261049922953124,sensitivity_A,26.564535008539075,245.5364523394852
MT,MT_wave_05,6,2017-01-15,2.4129964511132727,1.6229526567563086,3.6965186315819887,sensitivity_A,25.788077913894845,182.6925603062327
MT,MT_wave_05,8,2017-01-29,2.2971795436688547,1.636007485394448,3.2785536859621063,sensitivity_A,25.11594726417516,236.57875477805052
PA,PA_wave_04,4,2016-05-15,1.5517121891944146,1.0567685295034113,2.3612748195516566,sensitivity_A,26.697874987793888,197.57701192775446
PA,PA_wave_04,6,2016-05-29,1.2813233515141416,0.8901547870763602,1.9367427862611688,sensitivity_A,26.729563834286918,134.35417611843067
PA,PA_wave_04,8,2016-06-12,1.2399379287794905,0.903276273872324,1.7401638641447903,sensitivity_A,26.09512421337694,81.60123586434622
PB,PB_wave_03,4,2016-02-28,2.277624474409375,1.5359909976523205,3.495187400934422,sensitivity_A,26.530543487649496,78.73400344381774
PB,PB_wave_03,6,2016-03-13,2.1902915892568937,1.5236389058431274,3.2433923760561076,sensitivity_A,26.768059256668792,73.02687765445742
PB,PB_wave_03,8,2016-03-27,2.067319080394655,1.5047695195823307,2.9381519441795008,sensitivity_A,26.849257373496215,56.9169641632841
PE,PE_wave_03,4,2015-12-20,2.0691847599880404,1.403641989241479,3.1841286749328583,sensitivity_A,25.868400694389678,17.20661748640101
PE,PE_wave_03,6,2016-01-03,2.287163301891378,1.6169073007702293,3.3689012417675075,sensitivity_A,26.07691033278944,49.9536159814012
PE,PE_wave_03,8,2016-01-17,2.215932628027864,1.6189926892479476,3.097368545683004,sensitivity_A,25.29109317522359,84.03815435333642
PI,PI_wave_03,4,2016-04-17,4.397527921365161,2.974089764284827,6.735170645063435,sensitivity_A,27.744438567953697,166.70747779228188
PI,PI_wave_03,6,2016-05-01,3.461448641112203,2.4009024016756473,5.101402581321242,sensitivity_A,28.48257954523781,75.92697689213607
PI,PI_wave_03,8,2016-05-15,2.890568143093903,2.072860442896083,4.1243952504563675,sensitivity_A,28.503170986033147,41.02595009687628
PR,PR_wave_17,4,2023-02-12,2.003722334734676,1.2337056311023986,3.31563449207191,sensitivity_A,22.446066602882787,193.37901388848897
PR,PR_wave_17,6,2023-02-26,2.343476213922807,1.580632186384457,3.561796488253162,sensitivity_A,21.393660750717544,265.04015693101655
PR,PR_wave_17,8,2023-03-12,2.6454287158712244,1.8830074067822984,3.792595464997905,sensitivity_A,21.97473552760857,219.1457488605984
RJ,RJ_wave_04,4,2015-12-27,2.1870933562988526,1.27887641080527,3.815324704653251,sensitivity_A,27.513612301135453,160.79921354926705
RJ,RJ_wave_04,6,2016-01-10,1.7907344032820705,1.106719491458759,2.9641901412356786,sensitivity_A,25.584746680902143,104.24832866221729
RJ,RJ_wave_04,8,2016-01-24,1.9122068538276484,1.2722572682819226,2.8952482197125566,sensitivity_A,24.1830278718635,289.4303982930557
RN,RN_wave_03,4,2016-02-14,3.658608227083895,2.495419461425898,5.579136567877315,sensitivity_A,26.811447898417068,122.593597362677
RN,RN_wave_03,6,2016-02-28,2.915973016595274,2.0301429457351756,4.33699736599314,sensitivity_A,27.0830583830826,115.57239401765641
RN,RN_wave_03,8,2016-03-13,2.576270867948228,1.865533881184669,3.64879625950911,sensitivity_A,27.649659671140313,93.21509973268202
RR,RR_wave_03,4,2017-02-19,1.8648007517606944,1.2379350706217778,2.8691755458100223,sensitivity_A,26.336267290628673,115.43397477518316
RR,RR_wave_03,6,2017-03-05,1.7062771432678572,1.1766453091622644,2.555758235145154,sensitivity_A,25.942261179881733,126.64928348712017
RR,RR_wave_03,8,2017-03-19,1.5147691724619068,1.075952828089676,2.2022528246015094,sensitivity_A,26.360051468229965,147.97900952933415
SC,SC_wave_19,4,2025-02-16,2.2864696370997555,1.432893590120133,3.717249079406561,sensitivity_A,24.71490845061233,188.92099352616088
SC,SC_wave_19,6,2025-03-02,2.594796277783251,1.763571179803003,3.939367504416715,sensitivity_A,25.175246777768702,176.8652208043074
SC,SC_wave_19,8,2025-03-16,2.5395954534540426,1.8269874250697715,3.6130589583621657,sensitivity_A,21.913165425343006,147.2482941233098
SP,SP_wave_06,4,2021-01-31,3.9476869923633497,2.7431226032639717,5.87600138391863,sensitivity_A,24.58683842596662,191.4738302710178
SP,SP_wave_06,6,2021-02-14,3.3729086088513194,2.3837129986977477,4.909400182430123,sensitivity_A,22.227092474526074,142.39551101630676
SP,SP_wave_06,8,2021-02-28,3.0051958827473,2.2231106576718704,4.2050612051850935,sensitivity_A,22.638615972362317,199.69491603797812
AL,AL_wave_02,4,2016-02-21,1.949455628149896,1.346356712803349,2.938830632023244,sensitivity_B,26.192765884594316,105.03739202738672
AL,AL_wave_02,6,2016-03-06,1.7370577571180097,1.2194315350518932,2.546849223880771,sensitivity_B,26.60032091613678,115.70778496079508
AL,AL_wave_02,8,2016-03-20,1.569642784557387,1.13945399089529,2.223673961937834,sensitivity_B,26.73105707346066,81.67511081733514
BA,BA_wave_02,4,2016-02-14,2.2144369374520414,1.520323218664252,3.3812119067687094,sensitivity_B,25.514331342149926,265.4127860060689
BA,BA_wave_02,6,2016-02-28,2.6680929501253607,1.9046696074161815,3.877725191464171,sensitivity_B,26.377526307062098,266.1299204916832
BA,BA_wave_02,8,2016-03-13,2.5555423112923146,1.887800574062263,3.5742428855008477,sensitivity_B,26.8013880917364,181.4893760488309
CE,CE_wave_02,4,2016-04-03,2.1913598268442445,1.5409735105879954,3.272079027139675,sensitivity_B,26.810262950366962,155.52099823864808
CE,CE_wave_02,6,2016-04-17,2.2070065834740946,1.57442714971276,3.1913516286055064,sensitivity_B,26.34622177210693,201.21362992454803
CE,CE_wave_02,8,2016-05-01,2.28062126518745,1.672319109682878,3.227527242588666,sensitivity_B,26.816427348111862,238.34403478280615
ES,ES_wave_02,4,2017-01-08,3.74675897037264,2.3148692439956253,6.139828062268854,sensitivity_B,25.760763219321053,316.14843724462503
ES,ES_wave_02,6,2017-01-22,2.6993524440215397,1.718747970909903,4.272909083049022,sensitivity_B,26.274179769621806,152.91794651055667
ES,ES_wave_02,8,2017-02-05,2.422074533082019,1.6690207792304468,3.6119316030578767,sensitivity_B,25.776027208954662,122.21033894183361
GO,GO_wave_15,4,2021-12-19,2.1241711912695602,1.3975632158273523,3.3829627036342607,sensitivity_B,23.577564190605873,304.2226840594142
GO,GO_wave_15,6,2022-01-02,1.9651509078894964,1.3594626109529058,2.9547164872175213,sensitivity_B,22.903584674932592,350.6155331365067
GO,GO_wave_15,8,2022-01-16,2.1567165920536646,1.5864397520270273,3.024539873791669,sensitivity_B,22.387154277627964,326.1025543719337
MA,MA_wave_02,4,2016-03-20,3.4065704203308624,2.377611612516084,5.15178527123214,sensitivity_B,26.495373734796768,303.17183923189316
MA,MA_wave_02,6,2016-04-03,2.8994752525778673,2.0584851732844207,4.256280755868049,sensitivity_B,26.467465926748265,307.6474139712076
MA,MA_wave_02,8,2016-04-17,2.655629816367191,1.946649844262572,3.733590760005586,sensitivity_B,26.381574293486857,370.2266788134363
MG,MG_wave_05,4,2017-01-29,2.706623265871138,1.8878994062328165,4.057923717862433,sensitivity_B,23.956565557625076,259.74022462532196
MG,MG_wave_05,6,2017-02-12,2.700460179836658,1.9013725790609597,3.993819886803721,sensitivity_B,23.61244807834718,123.04169074932258
MG,MG_wave_05,8,2017-02-26,2.583002269824623,1.8792193238712187,3.67973269333563,sensitivity_B,23.484793004233214,193.03445707968837
MT,MT_wave_05,4,2017-01-01,2.692217373492233,1.732964030702257,4.261049922953124,sensitivity_B,25.345963749470737,352.15447476156754
MT,MT_wave_05,6,2017-01-15,2.4129964511132727,1.6229526567563086,3.6965186315819887,sensitivity_B,26.643768626282487,346.0105380935667
MT,MT_wave_05,8,2017-01-29,2.2971795436688547,1.636007485394448,3.2785536859621063,sensitivity_B,25.430577913395915,310.81447225607735
PA,PA_wave_04,4,2016-05-15,1.5517121891944146,1.0567685295034113,2.3612748195516566,sensitivity_B,26.37715169024438,447.7760413202292
PA,PA_wave_04,6,2016-05-29,1.2813233515141416,0.8901547870763602,1.9367427862611688,sensitivity_B,26.723700646976877,337.0813882313304
PA,PA_wave_04,8,2016-06-12,1.2399379287794905,0.903276273872324,1.7401638641447903,sensitivity_B,26.59272474126609,237.0906190623694
PB,PB_wave_03,4,2016-02-28,2.277624474409375,1.5359909976523205,3.495187400934422,sensitivity_B,26.261669359422505,161.27484252251344
PB,PB_wave_03,6,2016-03-13,2.1902915892568937,1.5236389058431274,3.2433923760561076,sensitivity_B,26.714373333203852,162.52086050542977
PB,PB_wave_03,8,2016-03-27,2.067319080394655,1.5047695195823307,2.9381519441795008,sensitivity_B,26.859960567164745,103.07324037170994
PE,PE_wave_03,4,2015-12-20,2.0691847599880404,1.403641989241479,3.1841286749328583,sensitivity_B,26.8924431717446,17.31089571205517
PE,PE_wave_03,6,2016-01-03,2.287163301891378,1.6169073007702293,3.3689012417675075,sensitivity_B,25.86083079743991,24.63042120289939
PE,PE_wave_03,8,2016-01-17,2.215932628027864,1.6189926892479476,3.097368545683004,sensitivity_B,25.979535197395663,51.44237709351435
PI,PI_wave_03,4,2016-04-17,4.397527921365161,2.974089764284827,6.735170645063435,sensitivity_B,27.139109735219467,276.0518519194764
PI,PI_wave_03,6,2016-05-01,3.461448641112203,2.4009024016756473,5.101402581321242,sensitivity_B,28.175184260476158,303.4975208585491
PI,PI_wave_03,8,2016-05-15,2.890568143093903,2.072860442896083,4.1243952504563675,sensitivity_B,28.40254664161562,178.76466464038253
PR,PR_wave_17,4,2023-02-12,2.003722334734676,1.2337056311023986,3.31563449207191,sensitivity_B,23.035057128487285,198.6061964243056
PR,PR_wave_17,6,2023-02-26,2.343476213922807,1.580632186384457,3.561796488253162,sensitivity_B,21.840399540315214,290.24118981722404
PR,PR_wave_17,8,2023-03-12,2.6454287158712244,1.8830074067822984,3.792595464997905,sensitivity_B,21.758279779808376,324.80324268186496
RJ,RJ_wave_04,4,2015-12-27,2.1870933562988526,1.27887641080527,3.815324704653251,sensitivity_B,26.31238017899954,311.61383347298295
RJ,RJ_wave_04,6,2016-01-10,1.7907344032820705,1.106719491458759,2.9641901412356786,sensitivity_B,26.658501654136945,254.39496645391068
RJ,RJ_wave_04,8,2016-01-24,1.9122068538276484,1.2722572682819226,2.8952482197125566,sensitivity_B,24.46379035490862,232.98505051316903
RN,RN_wave_03,4,2016-02-14,3.658608227083895,2.495419461425898,5.579136567877315,sensitivity_B,26.463544368803614,176.2921618772614
RN,RN_wave_03,6,2016-02-28,2.915973016595274,2.0301429457351756,4.33699736599314,sensitivity_B,26.78126437600711,183.49675491603602
RN,RN_wave_03,8,2016-03-13,2.576270867948228,1.865533881184669,3.64879625950911,sensitivity_B,27.34148999228586,191.84263364726206
RR,RR_wave_03,4,2017-02-19,1.8648007517606944,1.2379350706217778,2.8691755458100223,sensitivity_B,26.093514285517497,156.67578301836093
RR,RR_wave_03,6,2017-03-05,1.7062771432678572,1.1766453091622644,2.555758235145154,sensitivity_B,26.335606512795717,142.00044783248626
RR,RR_wave_03,8,2017-03-19,1.5147691724619068,1.075952828089676,2.2022528246015094,sensitivity_B,26.244382798710788,194.62468819540882
SC,SC_wave_19,4,2025-02-16,2.2864696370997555,1.432893590120133,3.717249079406561,sensitivity_B,24.370305044351188,249.99373487072216
SC,SC_wave_19,6,2025-03-02,2.594796277783251,1.763571179803003,3.939367504416715,sensitivity_B,24.8620094510586,259.95331794657375
SC,SC_wave_19,8,2025-03-16,2.5395954534540426,1.8269874250697715,3.6130589583621657,sensitivity_B,24.14984143604087,278.90417595498104
SP,SP_wave_06,4,2021-01-31,3.9476869923633497,2.7431226032639717,5.87600138391863,sensitivity_B,23.872399883769994,376.4156863695325
SP,SP_wave_06,6,2021-02-14,3.3729086088513194,2.3837129986977477,4.909400182430123,sensitivity_B,23.482075569765065,301.95350814844375
SP,SP_wave_06,8,2021-02-28,3.0051958827473,2.2231106576718704,4.2050612051850935,sensitivity_B,22.36056452286926,283.7566573547733
