variable,rhat,ess_bulk,ess_tail
lp__,1.0353191751043023,180.35445141043073,1137.6839240485945
log_phi_obs,1.034701070824216,179.67126663155742,1292.6952954416258
phi_obs,1.034701070824216,179.67126663155742,1292.6952954416258
expected_cases[1],1.0260213032326493,263.1394804819799,1509.4596817452582
realized_geometric_mean_lambda_2015_2025,1.0252002737704282,263.67261660914323,1309.1763221864
implied_long_run_arithmetic_mean_lambda,1.0251900441211446,241.98355307012056,943.724505530547
log_sigma_delta,1.025098090829521,253.9523880632632,877.1804172489564
sigma_delta,1.025098090829521,253.9523880632632,877.1804172489564
expected_cases[6],1.0247536236306527,365.89110184017903,1206.8890842935093
attack_prob[1],1.024577758659765,263.60356578929253,1620.9912352928523
latent_infections[1],1.024577758659765,263.60356578929253,1620.9912352928523
U_start[2],1.024577758659765,263.60356578929253,1620.9912352928523
U_end[1],1.024577758659765,263.60356578929253,1620.9912352928523
S_start[2],1.0245732585458136,263.60356578929253,1620.9912352928523
S_after[1],1.0245732585458136,263.60356578929253,1620.9912352928523
S_end[1],1.0245732585458136,263.60356578929253,1620.9912352928523
S_start_prop[2],1.0245732585458136,263.60356578929253,1620.9912352928523
S_end_prop[1],1.0245732585458136,263.60356578929253,1620.9912352928523
lambda[1],1.0245732063846953,263.60356578929253,1620.9912352928523
delta[1],1.0241039005496864,261.5855226817011,1691.1730507458453
expected_cases[4],1.0233748544430312,432.5241237333087,1764.4618988913442
expected_cases[5],1.0219102709497063,374.0154389947419,1491.0300047266912
expected_cases[10],1.0212396762201574,351.364986880208,1346.0845626892813
expected_cases[11],1.0210412134075741,311.76109627162367,1516.466360743757
latent_infections[6],1.020705717929613,376.7558500883714,1265.1754371368081
lambda[6],1.0201871778163787,371.5439559679525,1332.6200062303062
attack_prob[6],1.020179859093823,371.5439559679525,1332.6200062303062
lambda[11],1.0200323955735509,339.6378888315896,1544.514083812065
attack_prob[11],1.0200323955735509,339.6378888315896,1544.514083812065
expected_cases[7],1.0199189405982891,347.432503186371,1516.9211959196937
